인류의,0
점이,1
나노로봇(10억분의,2
테크놀로지는,3
대응한다는,4
남아있다,5
수염이,6
교육으로는,7
쥐가,8
유전자,9
어렵다”며,10
보장합니다,11
많은,12
가능한,13
그림이나,14
2016'의,15
해치지,16
망은,17
고도화해,18
패키징을,19
KIST,20
아스피린,21
36%(58명)가,22
세포막에,23
기원)일,24
개발한다고,25
영상에서,26
중요한,27
"'증강'(Augment)으로,",28
‘역순’으로,29
7개월간,30
최신호에,31
고리를,32
있습니다,33
커보인다,34
수사,35
생체나,36
시스템의,37
"미토콘드리아,",38
익따’로,39
넓히려는,40
폰툰이,41
암이나,42
암입니다,43
의지를,44
있는데,45
차기,46
Mixed,47
생장에도,48
근본적인,49
약한,50
돌연변이가,51
추진력도,52
재교육,53
"연구팀,",54
번갈아,55
떠올리게,56
저장된,57
픽셀을,58
“연구자들이,59
발명과,60
생길,61
모험적인,62
47년이,63
3년,64
자기계발을,65
1907년,66
영향이,67
같은,68
비극적이었다,69
‘가짜,70
뒤집는,71
기간,72
음굴절률,73
드러내는,74
자연대는,75
김,76
조절했다,77
있으면,78
극복할,79
'연못'은,80
'뇌'의,81
연구해온,82
향후,83
해독된,84
애니메이션에,85
가능함을,86
알아낼,87
확실히,88
대학,89
현실로,90
정량,91
보완할,92
아스라테크(Asratec)와,93
지의,94
○,95
시작에,96
한다.이에,97
보내진,98
편으로,99
프랑스,100
경쟁력은,101
전기차에,102
개발은,103
연결시킨,104
굴절되며,105
드론업체인,106
이미징,107
탐사선과,108
협력을,109
환경이,110
세계적,111
목소리가,112
예습하고서,113
페브로스카이트는,114
궤도에서,115
생화학,116
생성된,117
주의,118
저장,119
반자율,120
3의,121
생물종을,122
나왔다,123
뿌리가,124
입수한,125
"주도하며,",126
"자동차,",127
아시아,128
가위의,129
빛을,130
전지,131
배터리의,132
어,133
교통사고를,134
말리거나,135
위치합니다,136
똑같이,137
연구단이,138
고환에서도,139
69.4%가,140
스토더트,141
제작할,142
진행한,143
민주화하길,144
재료는,145
상황은,146
읽다’라고,147
들었다,148
켜면,149
100만,150
알츠하이머병과,151
인프라,152
선별해,153
'GRP78'이,154
행복하게,155
찾는데,156
상용화되면,157
공학과,158
정확도를,159
나타낸다,160
16편이,161
에너지시스템,162
해결책으로,163
남기지는,164
만들어야,165
센서,166
돌에선,167
85%의,168
고든(Sir,169
제약사가,170
"개기일식,",171
‘탈,172
22%(35명)는,173
비난으로부터,174
계속해서,175
"찾고,",176
색깔이,177
높일,178
상에,179
650㎞,180
나머지,181
방법도,182
시켜야,183
자극에,184
발생하는,185
엑스포(IAAPA,186
충전할,187
전달된다는,188
안전하게,189
아주,190
운전자들에게,191
"감지,",192
태아와,193
점검했다,194
회전식,195
조절,196
"크다""고",197
장착했다,198
km가량을,199
후끈,200
않다,201
100배가량,202
있고,203
패러다임을,204
4체와,205
‘활성산소종’이란,206
가닥,207
끊임없이,208
포리스트,209
발굴된,210
부족해,211
폐쇄성으로,212
고환의,213
"부도체,",214
일원이라는,215
활용할,216
시선을,217
"필요없다""면서",218
주행,219
작동할까,220
몸길이,221
띄게,222
착륙선,223
기능은,224
탐사를,225
찾으려는,226
노란색,227
자체적으로,228
10년간,229
3상을,230
학부생,231
9년,232
말이,233
흡연이,234
최단거리를,235
68.1㎏,236
단계는,237
눈,238
한국적인,239
체스를,240
발굴됩니다,241
지나가게,242
개발자,243
돌기처럼,244
지정했을,245
숫자만,246
턱에,247
붙여준다,248
파동,249
방해됨이,250
‘국제학술대회인,251
정보기술(IT),252
주목받고,253
상상도,254
스토피라는,255
태양전지에서는,256
밝히지,257
의존도가,258
인공물질)의,259
사물이나,260
길이가,261
8명은,262
머신러닝은,263
물리적인,264
'브이시도(V-Sido)'의,265
만나기,266
부족한,267
신경망은,268
16명의,269
새로운,270
경험상,271
운전대에서도,272
아닐,273
부모로부터,274
왔다,275
정확하게,276
뛰어나다는,277
감소했다,278
결과에,279
화면,280
치료제,281
산하,282
유전체교정,283
환자는,284
내는데,285
1983년,286
오하이오,287
발현을,288
내려쳐,289
1981년,290
2만장의,291
제시하며,292
잘못됐다고,293
채널은,294
‘연잎,295
현재,296
있었으며,297
2진수로,298
걸쳐서,299
사용으로,300
흡연자의,301
끈기,302
의외로,303
구현했다,304
스위치,305
시비가,306
부사장(마이크로소프트연구소,307
‘드론이,308
적절하게,309
전기,310
세계의,311
미세한,312
주제로,313
분석,314
진입한다,315
과제의,316
컴퓨터는,317
정체돼,318
제어권을,319
스텔스,320
전환,321
창조한,322
창출보다,323
제2의,324
하고,325
안,326
환자의,327
채운,328
마케팅에서,329
축적된,330
문장구조를,331
인간이나,332
통과할,333
염분,334
젖어,335
프로세싱하고,336
의미가,337
것”이라며,338
리서치,339
파악하고,340
제기되는,341
등장하는,342
들어오는,343
찾아내는,344
줄서기가,345
나사도,346
106명의,347
도움으로,348
않았지만,349
반사시키지,350
중요도가,351
있어야,352
공간과,353
활용범위가,354
앞당기고,355
전에는,356
필자는,357
소프트웨어는,358
흡수하지,359
미래,360
SLS(Space,361
물질에,362
예정이었다,363
2시,364
셈이다,365
말했다,366
플랫폼(Common,367
‘클러스터링’,368
자동차,369
9월14일자(논문명,370
연속,371
가능성이,372
생태계가,373
수행했습니다,374
움직임이,375
색으로,376
알려진,377
화성탐사선,378
쥐에게,379
개발자에게,380
연료가,381
사용하라고,382
헤어스타일이나,383
이용,384
기반으로,385
인류복지,386
방향을,387
공식을,388
조사,389
속도는,390
강조하는,391
10일,392
입력된,393
했기,394
"높이도록,",395
바퀴를,396
있게,397
당뇨병이나,398
접착,399
공전하기,400
끼친다,401
로봇을,402
없는,403
이용한다,404
지적이다,405
"있었지만,",406
취리히대,407
그에게,408
네이처,409
영(0)굴절률을,410
무기가,411
처분된,412
참석한,413
"""과거",414
질문과,415
보인다,416
우주기지에서,417
"무감독시험과,",418
'하이브리드',419
나아가야,420
메타물질,421
제외하면,422
부끄러운,423
2030년,424
초미세,425
구분할,426
걸,427
컴퓨터,428
동북아시아(C3c-M48,429
성공한,430
만들어,431
전자파와,432
연구자보다,433
대표적,434
될,435
스며들지,436
4년에,437
'USE1'은,438
각각,439
2007년,440
"달해,",441
물성이,442
필름이,443
보이게,444
국내에서는,445
높은,446
물질을,447
"29분이며,",448
적용될,449
산,450
갈피를,451
하플로그룹에,452
6200만,453
공격하는,454
서리맺힘도,455
쌍이방,456
이용해야,457
로터스,458
못했다,459
Z작전>의,460
주고,461
피,462
알프스,463
도입한,464
연구실,465
필름을,466
활성화된,467
측정하기,468
자연의,469
메모리로,470
관찰하면,471
가계의,472
칸,473
분석기를,474
28일,475
‘엑소마스(EXoMars)’,476
뉴,477
roots)에,478
정렬이,479
아직까지,480
내년,481
쓰기,482
인간과,483
접을,484
조짐이,485
번뜩이는,486
주목된다,487
음성학적,488
스페이스닷컴,489
모니터링해,490
월간,491
"일본,",492
"""많은",493
"생각한다""고",494
지구,495
한국의,496
고민이,497
VIP(특급),498
발굴에,499
사용해,500
집합체가,501
"아바타,",502
땅에,503
배열해서,504
목표물을,505
구동기술,506
드론이,507
“실패라고,508
귀중한,509
특징을,510
1주에,511
빅토르,512
늘어났다,513
포스텍은,514
팰로우십',515
발견할,516
단백질과,517
주장하곤,518
막을,519
고인골의,520
짓을,521
영장류,522
거쳐,523
Stem-piped,524
배,525
4진수의,526
때를,527
훨씬,528
공공연구기관에,529
어떤,530
서울대의,531
미국에서는,532
아이디어를,533
1969년,534
돌렸다,535
응답을,536
달리,537
영장류와,538
문화가,539
저장장치,540
의약품은,541
증가돼,542
지대에,543
수증기와,544
GRP78을,545
가계도를,546
눈이나,547
바꾸고,548
불가능한,549
출발해,550
도입해,551
스키아파렐리가,552
“앞으로,553
863프로그램)에,554
"3리터,",555
의료기술과,556
한국이,557
학습도,558
정모세포(정자로,559
이긴,560
DB에서,561
얻어,562
공공,563
안정된,564
"달,",565
국제우주정거장(ISS)에서,566
‘스키아파렐리’와,567
타원,568
길이는,569
"칼미크인,",570
합성하는,571
얼굴,572
20일,573
“일반,574
'USE1',575
발전시켰다,576
모자관계인,577
지원할,578
주관에,579
강의의,580
수주하기,581
핵심이다,582
죽는,583
전부가,584
'APC/C'에,585
△차세대,586
먹이를,587
기조연설자로,588
박범근,589
알파고,590
국회,591
현격하게,592
생물학,593
궤도선인,594
이미지를,595
석기처럼,596
“제어기술이,597
점),598
번개,599
활용하면,600
김경식,601
영상촬영용,602
원리를,603
상황,604
17년이,605
스페이스X의,606
곳에서,607
2016.10.20,608
의학계열로,609
작동되지,610
응용가능,611
이치와,612
선임연구원은,613
수석연구원은,614
이해를,615
사실성이,616
풀리는,617
시험비행에,618
인가만으로,619
소음속,620
엔지니어들은,621
전파할,622
질적,623
B,624
블로크는,625
위원회를,626
성호르몬인,627
기술은,628
공기가,629
입자가,630
달에,631
특이성(specificity)과,632
목소리도,633
44개,634
홀,635
이로써,636
제약을,637
범퍼,638
공군의,639
극한제어,640
나옵니다,641
것처럼,642
받을,643
실험에서는,644
진행하는,645
진화론을,646
light,647
"설치해,",648
늦춰주는,649
앉는,650
출제와,651
풀게,652
12년,653
부여해,654
48분께,655
발생하고,656
배열된,657
발전기'를,658
[마이크로소프트코리아,659
비젤은,660
대학에서,661
종전,662
연구에,663
구조물이,664
ITS의,665
중이다,666
상황에서,667
보낼,668
주삿바늘을,669
대학에서도,670
40~50대로,671
자율,672
매체,673
노벨위원회는,674
Khan)에,675
개발…광학·반도체,676
드론을,677
“대학,678
손상된,679
극복하는,680
"""고인골의",681
결정과,682
반드시,683
자유롭게,684
"총동원,",685
이해하는,686
미카,687
법을,688
크기는,689
목표를,690
26일이다,691
훔치는,692
전지는,693
화가,694
내걸고,695
프로핏,696
분석하도록,697
수도,698
기형처럼,699
예방하면,700
슈퍼맨이,701
미성숙으로,702
뉴호라이즌,703
"있다""고",704
실었던,705
뇌가,706
무덤양식과,707
이용한,708
"루빈스,",709
산화,710
온도와,711
그냥,712
R&D예산비중,713
`의료,714
후에나,715
대결에서,716
방,717
분리된,718
빛의,719
"있다면,",720
생체,721
도면에,722
단과대학,723
제공함으로서,724
범위를,725
보기까지,726
보인,727
기록으로,728
갖는,729
데이터베이스화해서,730
"9m,",731
운전자를,732
기계학습을,733
"세포),",734
붙이면,735
MRI,736
나노물질보다는,737
포스텍,738
“원숭이들의,739
로스쿨과,740
토대로,741
왕립과학원,742
키우지도,743
운반선을,744
얘기다,745
체질인류학적,746
오리온(Orion)의,747
햇빛은,748
차는,749
준비해왔다,750
개구리는,751
제약사,752
미친다”고,753
모습이,754
한국에,755
잠수함을,756
막대기로,757
역사적으로,758
패턴을,759
코드명으로,760
테이저가,761
한다는,762
매년,763
한편,764
열풍이,765
복합적으로,766
그들이,767
적습니다,768
연구예산이,769
플랫폼을,770
"클로킹,",771
사람들의,772
폐에,773
영역이,774
실리콘과,775
동반하고,776
클럽’이,777
고난을,778
일본인,779
착륙선을,780
인식한다,781
미소,782
플레이하는,783
Uba6-specific-E2(USE1),784
앞머리는,785
이후,786
상용화된,787
경험도,788
로켓만,789
펠로우십,790
좌고우면할,791
영향없는,792
“미국,793
자체가,794
연구비,795
데이터베이스(DB)와,796
급속충전을,797
세정,798
개최된,799
2006년,800
1주가,801
경쟁과,802
그림은,803
발사됐다,804
형태였다,805
매질'과,806
"혈우병,",807
가족의,808
로봇들로,809
복잡하고,810
마찰이,811
겉보기,812
활동이,813
것도,814
뿌리로,815
생성돼,816
막아,817
역설했다,818
지능적인,819
지원을,820
굴절,821
해체시키는,822
처리’가,823
커보이기,824
거친다,825
현실적으로,826
1999년,827
음파를,828
사용할,829
방대한,830
빛신호에,831
얼마나,832
교수(왼쪽)와,833
모양을,834
신비한,835
싶었다,836
바이오,837
연구성과실용화진흥원,838
93PF(페타플롭)의,839
나타난다’고,840
걸리는,841
환상을,842
비용을,843
작용뿐,844
속한다,845
System)로켓에,846
가족,847
숨졌다,848
AI로,849
마비를,850
이하로,851
충분히,852
검증했다,853
도구들과,854
손상돼,855
결과가,856
기능을,857
"영(0)굴절,",858
상태를,859
중입니다,860
궤도와,861
"양,",862
의자로,863
하드웨어,864
기술경영경제학회는,865
값비싼,866
줄면,867
드물지만,868
집,869
어려웠다,870
대다수,871
계열,872
10년에,873
프로파일을,874
검토,875
높다는,876
관련성이,877
노벨화학상,878
남의,879
대화다,880
만들었던,881
제압,882
양과,883
등재됐다,884
시장에,885
2주,886
울산의대,887
주사,888
계획,889
"룸바,",890
베르나르트,891
맨손,892
세계에서,893
조기에,894
논의할,895
개척할,896
카푸친원숭이들이,897
경제사회적,898
개발하는,899
Platform)을,900
가능할,901
내놓는다,902
집중을,903
저공비행,904
찬반,905
해결을,906
영국의,907
받기도,908
그럼에도,909
시대'라는,910
꼽혔다,911
태양은,912
10분의,913
Materials)’,914
29분부터,915
일자리,916
인상주의,917
생리적,918
화면이,919
하늘과,920
자세로,921
찾은,922
지원으로,923
오니시,924
정자와,925
흡연로봇을,926
최단,927
믿는다,928
답이,929
운전,930
진입장벽과,931
"지난해,",932
코팅하면,933
위협하는,934
확인돼,935
날들은,936
경단백질의,937
한국에너지기술연구원이,938
'사이언티픽,939
수많은,940
가진다,941
"것""이라며",942
"있다""며",943
기계적,944
출시,945
"DNA,",946
사망하는,947
저항력을,948
보고도,949
블로크가,950
"영굴절률,",951
탐색,952
덩어리가,953
슈퍼커패시터의,954
2체의,955
수집된,956
귀환캡슐이,957
결합한,958
벽에,959
잠수,960
지혈기능성,961
“오늘,962
오리온의,963
공동으로,964
본격,965
국제적으로,966
로택산이란,967
변환,968
변환이,969
기계학습,970
유발하는,971
세부적인,972
과제,973
테이저의,974
'바른,975
10여년,976
수밖에,977
궤도에,978
물질은,979
만들었다,980
읽어준다,981
김대중,982
열었다,983
미래형,984
합성법은,985
다음달,986
인쇄술로,987
‘새턴,988
자성이,989
거꾸로,990
화석(사진)이,991
코드'(Honor,992
에드바르트,993
산학,994
높였다,995
후계자를,996
문화기술대학원,997
개념의,998
운전자들은,999
28일(현지,1000
교수들을,1001
흐름,1002
항상성을,1003
화려한,1004
트레일러의,1005
17일에도,1006
의료적,1007
로체스터대,1008
정확히,1009
대기를,1010
피의자에게,1011
모습,1012
맞춰,1013
평했다,1014
유연성도,1015
배출하는,1016
일으키자,1017
사이에서는,1018
인접한,1019
로봇,1020
시스템이,1021
구조는,1022
운전자에게,1023
신장은,1024
"건담',",1025
수술,1026
유용할,1027
'네이처',1028
앞으로,1029
"""자기계발",1030
옥호남,1031
특이적,1032
시민단체,1033
각종,1034
2034년,1035
연구에서,1036
"개발,",1037
타지크인들인,1038
조,1039
지구를,1040
한쪽에,1041
후에,1042
Augmented,1043
카메라가,1044
닿으면,1045
알파고는,1046
독일에서,1047
바둑,1048
방식보다,1049
실은,1050
"질량밀도,",1051
연례,1052
자성상태의,1053
오토파일럿을,1054
이대연·존,1055
‘팰컨,1056
처음으로,1057
빈도나,1058
"프로젝트(2006~2008년,",1059
발견될,1060
그것은,1061
붙여,1062
홍합,1063
연구예산,1064
변형을,1065
것으로,1066
체의,1067
재현과,1068
꼬박,1069
"CT,",1070
어렵다,1071
눈썹을,1072
자르고,1073
수소,1074
이른바,1075
`은폐`할,1076
바퀴,1077
1위,1078
영,1079
갖는다,1080
토양인,1081
미래창조과학방송통신위원(국민의당)은,1082
과기부,1083
장기,1084
채취된,1085
지속되었다,1086
물의,1087
쉽지,1088
개발된,1089
자신들의,1090
염색체에서,1091
‘외날찍개’라고,1092
"""대학의",1093
대용량의,1094
화면에서,1095
10일자로,1096
사람,1097
구조가,1098
이해신,1099
현상은,1100
작동이,1101
부정맥이,1102
구조도,1103
마이클,1104
변환하는,1105
안에서,1106
2016)'에서,1107
충전,1108
섞여,1109
불가능했던,1110
주변에,1111
하죠,1112
5km에,1113
유실되는,1114
위협한다든가,1115
삼성전자가,1116
환자가,1117
지정해주면,1118
시도가,1119
마이크로소프트연구소는,1120
성공했다고,1121
해도,1122
담배를,1123
자료에서,1124
여왕'의,1125
넘기,1126
다형현상),1127
가까이,1128
녹이면,1129
살아있음을,1130
한국과학의,1131
`왜,1132
회복,1133
초미세로봇,1134
`텐서프로세싱유닛(TPU)`,1135
완치율도,1136
치매DTC융합연구단,1137
한·중·일,1138
형태”라고,1139
밀빌에서,1140
도전,1141
이론을,1142
건을,1143
의사도,1144
김선영,1145
보탰다,1146
"""이제",1147
운동성도,1148
수준은,1149
"감소하고,",1150
담당한다,1151
열린,1152
사용했던,1153
이름으로,1154
테이저에,1155
"도움""",1156
위원장을,1157
"""개인이",1158
의하면,1159
살피십시오.’,1160
교신이,1161
필요하다고,1162
미국과,1163
고환이,1164
450달러,1165
STR(성염색체인,1166
빛은,1167
까닭은,1168
가족에게는,1169
성서를,1170
예상했다,1171
책임자는,1172
아니다”라면서도,1173
날씨라는,1174
Neural,1175
'네이처,1176
280g으로,1177
조종간이다,1178
위에서,1179
스토피라,1180
형태적,1181
암,1182
치열하게,1183
단계에,1184
소금과,1185
건조시킨,1186
달라지는,1187
위해서,1188
위원은,1189
노무현,1190
제작자이며,1191
만들고자,1192
서대문구,1193
활용,1194
포함한,1195
공간인,1196
키트와,1197
돌아왔다,1198
생각을,1199
적극적이,1200
생명체가,1201
기술이다,1202
결합이,1203
가까워지는,1204
지속적으로,1205
GRP78은,1206
재탄생할,1207
해체되어,1208
세라다,1209
선보였다,1210
지탱하는,1211
웃는,1212
'코타나'의,1213
오리온을,1214
3배,1215
마이크로,1216
2020년에,1217
추정할,1218
개의,1219
20.5%로,1220
파동전파를,1221
뒷전이라는,1222
잡지,1223
만의,1224
성과는,1225
복용자,1226
문태현,1227
건강하게,1228
가능해,1229
묻지,1230
자발적으로,1231
제동장치가,1232
기네스북에,1233
원형(프로토타입)을,1234
불규칙하게,1235
아버지의,1236
분리,1237
감쪽같이,1238
"""기존",1239
생기며,1240
“단기성과,1241
매달릴,1242
한국과학기술원(KAIST),1243
제공=연합뉴스],1244
진전을,1245
배)이,1246
못했던,1247
한국인과,1248
국제우주정거장(ISS)로,1249
현재의,1250
발달로,1251
단백질(Cpf1)을,1252
친화적이고,1253
그러면,1254
“NASA와,1255
알츠하이머병은,1256
보여주기,1257
"된다""며",1258
양측,1259
수십,1260
임상시험,1261
IBS가,1262
뇌혈관,1263
대한,1264
제작한다고,1265
생검바늘,1266
"머리카락색,",1267
지구의,1268
민낯,1269
"물리적,",1270
78.8%는,1271
유전,1272
시간이,1273
박,1274
도움이,1275
전문,1276
그는,1277
특정,1278
애니메이션,1279
조작할,1280
몽골시대(12~13세기),1281
과도한,1282
‘을’과,1283
혈액,1284
이용하는,1285
헬리콥터는,1286
하늘의,1287
강한,1288
경쟁력을,1289
건강이,1290
죽게,1291
모니터링하면서,1292
없다”고,1293
발사된,1294
착륙했다고,1295
후속,1296
스케치,1297
토양환경스트레스에,1298
구현하는,1299
캐슬린,1300
가지도록,1301
신촌캠퍼스에서,1302
연출,1303
강정구,1304
속도로,1305
발현되는,1306
연료,1307
긴,1308
창시한,1309
경우가,1310
마이크·스피커는,1311
특허출원한,1312
식물,1313
기억력이,1314
가까웠거나,1315
촉진해,1316
집단에서,1317
일정을,1318
밝혀냈다,1319
카메라,1320
Queen’s,1321
효과’를,1322
이번보다,1323
원하는,1324
밑에,1325
물질들이,1326
로봇이,1327
"회족,",1328
전체,1329
유럽우주국(ESA)은,1330
생식기관에,1331
혈관,1332
접근하는데,1333
“발화자와,1334
“좋은,1335
반복되는,1336
생산자로,1337
티탄산,1338
ESA는,1339
폐를,1340
심지어,1341
"중학교,",1342
기존과,1343
채지,1344
전했습니다,1345
모형을,1346
신경망,1347
흡연로봇이,1348
인근,1349
이상의,1350
앞설까,1351
중국인,1352
부분월식이,1353
소셜미디어,1354
사오려고,1355
나라가,1356
작동시킨,1357
한국항공우주연구원,1358
14일,1359
촉매와,1360
평평한,1361
Y,1362
장치에,1363
그린,1364
말합니다,1365
척추동물,1366
연구제도,1367
국내외,1368
단기,1369
지카바이러스의,1370
주민이,1371
카푸친원숭이는,1372
낮추거나,1373
의도를,1374
실험실도,1375
날짜는,1376
'글리백'이,1377
5년간,1378
계속,1379
11월호에서,1380
원숭이가,1381
물건을,1382
시대에서는,1383
줄여줄,1384
불꽃놀이에,1385
연구진에,1386
풀이,1387
"발견,",1388
파동에너지,1389
신약개발,1390
구속,1391
기계적으로,1392
산업화가,1393
발생한다는,1394
담은,1395
계면(결정과,1396
단초가,1397
빠르고,1398
선,1399
앉으면,1400
마이크로미터(㎛)와,1401
'어드밴스드,1402
게임기,1403
과거에도,1404
차량,1405
발표,1406
아주대,1407
염색체에,1408
인식과,1409
열악한,1410
매니저는,1411
지카바이러스를,1412
최소화하는,1413
DJI의,1414
사람들에게,1415
가지고,1416
슈퍼문…서울에선,1417
한쪽만,1418
음성(“장애물입니다,1419
와이즈,1420
경쟁,1421
고환을,1422
번에,1423
지능행동을,1424
아프리카발톱개구리가,1425
형성했다,1426
파리채를,1427
"뚜렷했고,",1428
크로커,1429
40대,1430
제대로,1431
설명했습니다,1432
궁극적으로,1433
다량,1434
송유관,1435
연령은,1436
모바일,1437
달의,1438
매질과,1439
진화,1440
나타난다”며,1441
뜻한다,1442
못하다는,1443
구현하면서도,1444
성분을,1445
합쳐지면서,1446
울퉁불퉁한,1447
현실적인,1448
물결이,1449
드론(무인,1450
것은,1451
‘로켓,1452
기술을,1453
컴퓨터를,1454
도움을,1455
도구를,1456
체결해,1457
목적어·조사·서술어,1458
유전자조작을,1459
기억력과,1460
자유롭지,1461
황금씨족,1462
국적을,1463
발표했다고,1464
'나선형,1465
독한,1466
없이도,1467
민감성(sensitivity)을,1468
생명과학계에서,1469
재료,1470
수상자도,1471
관련해,1472
흡수합니다,1473
과거,1474
마찰력을,1475
만들어져야,1476
정도인,1477
입증했다고,1478
이중나선,1479
강의하는,1480
일본이,1481
35만6509㎞로,1482
들어가면,1483
4가지,1484
`원자`로,1485
"확인했다""고",1486
선별할,1487
66.9%는,1488
유사한지,1489
다음과,1490
입자,1491
사이에,1492
의자,1493
완전히,1494
과정도,1495
에너지를,1496
김문주,1497
바가,1498
"필요하다""며",1499
개발돼,1500
광화문의,1501
보트,1502
원시인류가,1503
개기일식은,1504
상호작용은,1505
응급조치를,1506
튕겨내도록,1507
가량,1508
업데이트,1509
이해→자연어,1510
화면에,1511
타일의,1512
분석할,1513
사진과,1514
"받는데,",1515
우주과학은,1516
할,1517
내부에는,1518
무력화하면서도,1519
태양풍을,1520
감소했으며,1521
암세포만,1522
아닌,1523
남성호르몬과,1524
지점에서,1525
것’으로,1526
대신,1527
그다음,1528
주장,1529
나오지,1530
5종의,1531
밝혀냄으로써,1532
구성물의,1533
컴퓨터학과,1534
투서,1535
관련,1536
건강한,1537
타인과,1538
지혈할,1539
스마트폰이,1540
생물학적으로는,1541
5체(남성,1542
뜨는,1543
환원,1544
위험을,1545
인공지능(AI)을,1546
"일본인,",1547
몽골인입니다,1548
lung,1549
고환,1550
백금,1551
폭죽으로,1552
합작으로,1553
전이되면서,1554
원리,1555
"아데닌(A),",1556
왜곡시키지,1557
재교육·직업교육을,1558
충전을,1559
교수,1560
수단과,1561
훈련을,1562
좁은,1563
인공지능(AI)과의,1564
늘어납니다,1565
매질은,1566
마련했다고,1567
인지한다,1568
파악됐다.잎이,1569
메타물질은,1570
표적을,1571
증명했습니다,1572
2016’에서,1573
없다,1574
이뤄진다.처치,1575
없고,1576
‘차기,1577
진동시킨다,1578
기성품,1579
사용자의,1580
"1만2914명,",1581
장점을,1582
연료전지는,1583
육성하겠다는,1584
activates,1585
글자를,1586
보호층'을,1587
일대의,1588
채로,1589
임의의,1590
주목했다,1591
목표,1592
논문,1593
제작된,1594
더러워지지,1595
달라붙는다,1596
쌓여,1597
슈퍼컴퓨터로,1598
'피어티칭',1599
중요하다,1600
햇빛을,1601
몽골제국,1602
of,1603
잡음이,1604
피겨스케이터들이,1605
증명되고,1606
그리는,1607
다니는,1608
보기에도,1609
"만들어졌으며,",1610
연구개발,1611
10㎝,1612
짧은,1613
대표작,1614
뛰어들고,1615
발표했으나,1616
로봇은,1617
'root-brain',1618
6개월간,1619
전송하는,1620
발견됐지만,1621
태양활동관측위성(SDO)이,1622
참여하고,1623
다닐,1624
해와,1625
좀,1626
돌아온,1627
카메라로,1628
관계에,1629
쏘면,1630
기동대에서도,1631
모사하는,1632
"""아프리카발톱개구리는",1633
연구과제를,1634
막고,1635
피가,1636
돌기를,1637
앉아서,1638
행사는,1639
금,1640
크기로,1641
연구참여,1642
헬리콥터처럼,1643
최근호의,1644
물론,1645
"△고굴절률,",1646
X’라는,1647
분할,1648
과학고등학교,1649
2009년,1650
"시스템,",1651
된다,1652
국한된다고,1653
연료전지를,1654
여부가,1655
출력은,1656
공룡이다,1657
바라는,1658
환각,1659
활성화시켜,1660
지난,1661
투자,1662
물체를,1663
빈도로,1664
소속,1665
자석이,1666
시각,1667
양심에,1668
제시한,1669
되도록,1670
발표했다,1671
가설의,1672
토론을,1673
과학기술자문회의에서,1674
기원과,1675
<키트>처럼,1676
먼,1677
타원형이라,1678
어답터들은,1679
의사소통하듯,1680
개조했다,1681
중반에,1682
시각세포들이,1683
월식의,1684
산란광,1685
'인공'(Artificial)이,1686
쌍이방성과,1687
소모가,1688
총괄,1689
일식,1690
기대한다,1691
개인,1692
현상,1693
관성에,1694
‘초소수성’이라고,1695
분석한,1696
박근혜,1697
수,1698
차가,1699
API로,1700
물리학자,1701
생성될,1702
개발해,1703
동작으로,1704
과학기술특성화대,1705
100%는,1706
과학과,1707
조절에,1708
주위를,1709
받아들이고,1710
진행할,1711
"남아있다""고",1712
믿음을,1713
입원,1714
정상에,1715
획기적인,1716
내는,1717
이뤄져,1718
알,1719
영화,1720
조종해,1721
필요한지,1722
어드밴시스'(Science,1723
눈에,1724
구분한,1725
명왕성,1726
않게,1727
신경망처럼,1728
관측도,1729
개기일식이라,1730
"이바니쉰,",1731
노력이,1732
방법은,1733
생산하기를,1734
해결하기,1735
기회가,1736
"대사,",1737
발전,1738
있다고,1739
스마트폰·노트북·전기차,1740
밝혔다”며,1741
나온,1742
부계,1743
모습을,1744
이사장(전,1745
교육부,1746
2체)는,1747
내장돼,1748
동일한,1749
비명을,1750
방지,1751
상염색체들과,1752
"결과,",1753
기록하면,1754
단순히,1755
추정했다,1756
IT(정보기술),1757
원격공간에,1758
듣는,1759
하며,1760
상황에서는,1761
미세로봇’,1762
주장했다,1763
인지의,1764
물,1765
매질의,1766
학계에서는,1767
경찰,1768
비브랩스(VIV,1769
회사들은,1770
잠수함,1771
중상자,1772
흔적을,1773
자동차와,1774
시정하는,1775
페브로스카이트의,1776
65세,1777
내,1778
매질을,1779
테스토스테론을,1780
Molecular,1781
"개발했다""며",1782
271만명으로,1783
"역사학적,",1784
일입니다,1785
작년,1786
"미국,",1787
후,1788
일환인,1789
기치로,1790
무리가,1791
이리저리,1792
인공지능,1793
500개의,1794
환경을,1795
일본인이,1796
준비할,1797
조사는,1798
Y-STR,1799
"그렸는데,",1800
각광을,1801
떠나는,1802
바꾸자는,1803
11월,1804
75mg,1805
상용화는,1806
기초과학이,1807
필요가,1808
여기,1809
"가뭄,",1810
칭찬,1811
"""프로젝트",1812
번개는,1813
학술지에,1814
"위,",1815
정반대편에,1816
환자나,1817
대학원생은,1818
무인으로,1819
되찾기,1820
의심하기,1821
모계가,1822
Neuman,1823
물질특성,1824
최,1825
성과라,1826
전기적,1827
활용되고,1828
공간도,1829
것이,1830
초전도,1831
2개의,1832
프로그램에,1833
2030년이다,1834
친구와,1835
회절한계보다,1836
시각을,1837
“테이저에,1838
임지선,1839
개를,1840
사람으로,1841
변동시키는,1842
빨간색(파브알부민)과,1843
등에서,1844
연료전지에는,1845
열,1846
바람입니다,1847
운전자,1848
조직이,1849
흥분시킬,1850
유인탐사,1851
광고나,1852
그간,1853
상태에서,1854
시험,1855
접근할,1856
호칭을,1857
펜드리,1858
테이저’,1859
이를,1860
문자열로,1861
경직된,1862
뜻을,1863
만큼,1864
영향에,1865
하향식,1866
조종,1867
달합니다,1868
이르다”며,1869
창조경제를,1870
R1b-M343,1871
일찍,1872
몇가지,1873
요구되는,1874
해의,1875
엔진은,1876
"""우리는",1877
단계인,1878
이동시킬,1879
태양에,1880
다이트'의,1881
단점이다,1882
축적되는,1883
줄고,1884
다르게,1885
생장에,1886
밤인,1887
용은,1888
1천700만년,1889
커졌고,1890
결합,1891
기대된다”고,1892
‘엑소마스’(ExoMars),1893
음성인식,1894
임상에서,1895
만들다,1896
저널’에,1897
일하며,1898
20년,1899
명령이,1900
저렴하게,1901
광소자에,1902
우주선이,1903
확연하게,1904
제조업체인,1905
이해가,1906
정확한,1907
투자',1908
극복하고,1909
등장했는데,1910
맞출,1911
오답률을,1912
작동방식은,1913
쓰였던,1914
일부,1915
들렸던,1916
등장할,1917
목표는,1918
"방법(X-ray,",1919
700도,1920
무사히,1921
미래창조과학부로,1922
받는다,1923
3체의,1924
보완하는,1925
“집을,1926
발생국가를,1927
소리의,1928
제작했다,1929
데이터의,1930
황족일,1931
탈,1932
등)를,1933
인간처럼,1934
수치인,1935
제작한,1936
심장,1937
발병하면,1938
이가,1939
SF영화에나,1940
아직,1941
탄소,1942
충격을,1943
댈,1944
출범,1945
채점에,1946
지구에서,1947
만들면,1948
반응이다,1949
기존에,1950
짧아지기,1951
읽고,1952
색의,1953
조국인,1954
타당한,1955
38만4400㎞보다,1956
모델,1957
유전자들의,1958
소속의,1959
1980년대,1960
사용은,1961
'4차,1962
진행방향과,1963
화석,1964
상당수,1965
20%,1966
로켓을,1967
본인의,1968
해,1969
강하다,1970
자연적으로,1971
개발의,1972
기자],1973
비교,1974
우직해야,1975
타격하는,1976
전체적인,1977
STEPI,1978
옆구리를,1979
"것인지,",1980
태양전지,1981
서울과학고에서,1982
Inspired,1983
입에서,1984
만들거나,1985
4일(현지시간),1986
커다란,1987
있다”며,1988
아니라고,1989
수상자,1990
인류를,1991
김경진,1992
유사하다는,1993
과학은,1994
백악기에,1995
공무원이,1996
제외한,1997
쓰지,1998
위에도,1999
차대에,2000
"제시했다""며",2001
복잡한,2002
아스라테크와,2003
있습니다.”라고,2004
반뉴먼,2005
"세웠다""며",2006
조작을,2007
감정과,2008
구석기인처럼,2009
30km를,2010
신조(安倍晋三),2011
사고,2012
운동을,2013
사고를,2014
차량의,2015
진행됐다”며,2016
되돌아오고,2017
응답자의,2018
"""만들기",2019
김성근,2020
엄청난,2021
기준,2022
정확성을,2023
놓을,2024
만들어진다,2025
판단력,2026
동작과,2027
변형시켜,2028
않는다,2029
"""연료전지",2030
한시간에,2031
제조공정이,2032
웅장한,2033
작아지는,2034
찔러도,2035
‘다학제’,2036
전문가인,2037
높아집니다,2038
슈퍼컴퓨터,2039
for,2040
배터리는,2041
명,2042
기초과학엔,2043
포착했다,2044
영향,2045
것인가에,2046
10억3900만원)의,2047
높아,2048
그래도,2049
15개월에,2050
첫,2051
신호전달,2052
일자리를,2053
들어간다,2054
제이슨,2055
좋지,2056
혁신`이다,2057
분리제어와,2058
숙고해야,2059
핵심기술이,2060
미래부,2061
규암처럼,2062
‘O’‘ㅗ’,2063
기대할,2064
멋지게,2065
머크가,2066
작은,2067
폐암은,2068
"습도,",2069
1000㎢에,2070
써야,2071
이러한,2072
최고의,2073
면하고,2074
멀티코어(hybrid,2075
파악한다,2076
글로벌프론티어,2077
대표는,2078
인공구조물(메타원자)을,2079
기기를,2080
하이파대,2081
비슷한,2082
만든다,2083
"""질서와",2084
시제품은,2085
'다공성,2086
커뮤니케이션(Nature,2087
않으면,2088
전송하는데,2089
비밀이,2090
고민하겠다고,2091
발견돼,2092
발표된,2093
치료도,2094
웃도는,2095
세포와,2096
전파된다는,2097
자성의,2098
한국어,2099
기계공학뿐만이,2100
카테난이라는,2101
가설을,2102
마이크에,2103
㈜이노테라피와의,2104
불구,2105
고인골이었습니다,2106
됐다고,2107
소금,2108
이쪽,2109
꿈꾸는,2110
UNIST는,2111
생장과,2112
유도된,2113
찍은,2114
모델을,2115
눈처럼,2116
않지만,2117
어디서나,2118
알아내는데,2119
이를테면,2120
40개,2121
알려주고,2122
하버드,2123
자연대,2124
조건에서,2125
태평양에서,2126
‘아트,2127
밝힐,2128
‘알파고’다,2129
나노튜브'라는,2130
변이에,2131
후륜,2132
관찰,2133
태양과,2134
존재하는데,2135
항공우주국(NASA)은,2136
비가,2137
패키징한,2138
99.8%,2139
핵심,2140
안전,2141
단백질이라,2142
화학적,2143
읽다’라는,2144
족사(어패류의,2145
한계에,2146
출시를,2147
맡았다,2148
길어지면서,2149
활동의,2150
살,2151
가운데,2152
"""이번",2153
기가바이트의,2154
생활에,2155
심우주에서,2156
존재한다,2157
조상이,2158
특이한,2159
알고,2160
나사,2161
윤동진,2162
자기적,2163
NASA는,2164
때,2165
감동이,2166
경찰관이기도,2167
지금까지,2168
소프트웨어만,2169
물체는,2170
절대,2171
것,2172
받은,2173
EKG,2174
캐로신(등유의,2175
졸게까지,2176
"물론,",2177
타고,2178
연잎,2179
사용하거나,2180
실험에,2181
학생에게,2182
두려워하는,2183
하나하나를,2184
전이를,2185
과학기술을,2186
사람들이,2187
진실을,2188
다양하고,2189
정보)를,2190
국은,2191
진행돼,2192
콘서트,2193
구현하려면,2194
문제해결,2195
줄여,2196
메타물질로,2197
미치는지에,2198
연구들을,2199
"음파,",2200
은폐(cloaking),2201
기능,2202
클로드,2203
Network)’이라는,2204
하이브리드(혼혈),2205
균일,2206
기대를,2207
가벼운,2208
나노미터(1㎚=10억분의,2209
2016.11.3,2210
전산학의,2211
연구결과로,2212
돌아볼,2213
"""AI",2214
AI에서,2215
유도했다,2216
년,2217
반도체,2218
분자보다는,2219
뇌졸중,2220
다이아몬드,2221
방식은,2222
결과를,2223
액티브,2224
20KW/㎏급으로,2225
주삿바늘은,2226
염기서열정보에,2227
추정됩니다,2228
셀들이,2229
확장,2230
표적항암제는,2231
밝혀지지,2232
나이의,2233
청소하는,2234
질환,2235
5억,2236
추적하는,2237
연다,2238
말했습니다,2239
170만년전,2240
변화의,2241
착안해,2242
걸쳐,2243
무게를,2244
한글과컴퓨터·제타뱅크,2245
사촌뻘인,2246
알았다,2247
부사장이,2248
구리,2249
'교육개혁'을,2250
대기는,2251
비교되는,2252
예산,2253
17시,2254
낸,2255
1만3540명,2256
잘,2257
적절한,2258
제작사들이,2259
개입해야,2260
“DNA의,2261
드론의,2262
원인,2263
척척,2264
송전선이나,2265
진입한,2266
가깝게,2267
생산성과,2268
"계보학적,",2269
자기,2270
안전한’,2271
표면을,2272
걸렸을,2273
교수팀,2274
각도를,2275
반응이,2276
나타난,2277
기술개발이,2278
한다,2279
물방울이,2280
수행하는,2281
우리나라에도,2282
거침없이,2283
아들과,2284
쪽으로,2285
알아내지,2286
‘이구아노돈’일,2287
정상조직의,2288
달을,2289
"죽었고,",2290
특징입니다,2291
어렵거나,2292
메타,2293
구조체에,2294
많이,2295
'철인28호'처럼,2296
본인이,2297
개척하는,2298
만들뿐,2299
수륙양용,2300
수색구조팀에,2301
"있어""",2302
합성해,2303
개발하고,2304
예정이다,2305
분야다,2306
붙어,2307
주제,2308
터빈을,2309
핵치환,2310
수일간이나,2311
것인지,2312
없어...인재육성,2313
"18조8,900억원",2314
쫓아가는,2315
10월18일자(논문명,2316
4만여,2317
접근하도록,2318
95%가,2319
"정부를,",2320
재학생이,2321
식물도,2322
개기월식이,2323
신경컴퓨터는,2324
‘신무늘,2325
없앨,2326
유전자는,2327
이뤄진,2328
환자를,2329
감소시킨,2330
서울아산병원,2331
세계에서는,2332
가진,2333
자연대학장은,2334
전달이나,2335
평균거리인,2336
구현이,2337
포함돼,2338
표적항암제를,2339
"""GRP78을",2340
중인,2341
D4,2342
전도성,2343
두뇌,2344
프로그램,2345
로켓에,2346
뛰어들었지만,2347
정확도는,2348
메리다에서,2349
잠수함에,2350
없을,2351
9단을,2352
했다,2353
보내,2354
카이스트(KAIST),2355
3국은,2356
설계가,2357
연세대에서,2358
동물은,2359
당부했다,2360
네,2361
제1,2362
떠난,2363
인간,2364
체내에,2365
비율은,2366
기술의,2367
소프트웨어,2368
산업혁명은,2369
마지막,2370
쉽고,2371
재임,2372
"한다""고",2373
“한국에,2374
자석,2375
광구의,2376
세상에,2377
받아,2378
code·명예규칙)를,2379
일식이란,2380
선정됐다,2381
초고속,2382
백정민,2383
혁신을,2384
블로크의,2385
깨서,2386
육상,2387
방법을,2388
상황에,2389
문제점에,2390
교수에게,2391
윌리엄,2392
가능성을,2393
고위공무원,2394
유추할,2395
범위에,2396
영향을,2397
시키기는,2398
강조했다,2399
해결할,2400
발사한다,2401
소리가,2402
의미를,2403
등에게,2404
상태나,2405
작동하는지,2406
치명적,2407
도체,2408
증진하고,2409
결론지었다,2410
"사이에,",2411
6일,2412
발전하면,2413
기기,2414
환경스트레스에,2415
마법사,2416
암세포도,2417
전공한,2418
22번까지의,2419
필요하다는,2420
나서기,2421
지능형,2422
일정량을,2423
들여,2424
촉매가,2425
지방층을,2426
동체가,2427
밸브가,2428
물리학이,2429
변화(끼어들기)를,2430
사람에게도,2431
"이미징,",2432
만성,2433
마련돼,2434
우주비행통제센터는,2435
다루는,2436
ISS에는,2437
이뤄질,2438
추정은,2439
시스템도,2440
크고,2441
갖기,2442
절반,2443
색상의,2444
기대됩니다,2445
일부가,2446
따라서,2447
발표를,2448
보호할,2449
4일부터,2450
재생성할,2451
질환에,2452
DJI코리아,2453
규명했습니다,2454
방과,2455
함몰돼,2456
제조사,2457
언어),2458
만약의,2459
삼성전자는,2460
AI의,2461
맡고,2462
"STR),",2463
처리해,2464
시간),2465
자동차로,2466
멜버른대,2467
셀의,2468
운전자는,2469
교수팀이,2470
20개,2471
떨어져,2472
균일하게,2473
등의,2474
점차,2475
높을,2476
학술적,2477
뿌리의,2478
이날,2479
태양보다,2480
동체를,2481
미래창조과학부는,2482
기법으로,2483
오래,2484
옆,2485
자동화,2486
동정했습니다,2487
이동한다,2488
19일,2489
의료가,2490
몸에서,2491
많습니다,2492
줄어든다는,2493
서비스,2494
조사에는,2495
프론티어,2496
말한,2497
최선을,2498
"가능""",2499
중,2500
눈치,2501
1단,2502
폐암이,2503
장이,2504
80×80,2505
뿌려,2506
촉매는,2507
개발이,2508
개기월식과,2509
"조력발전,",2510
내리친다는,2511
아이폰에서,2512
"""합쳐지는",2513
보고됐습니다,2514
나타났다,2515
연구팀의,2516
엄격하게,2517
거슬러,2518
현실에서도,2519
받아야,2520
800년,2521
공로였다,2522
만나는,2523
'달려라,2524
4월,2525
기록하고,2526
신경을,2527
무인,2528
테네시,2529
흰색,2530
부위는,2531
화성을,2532
‘액티브,2533
국내총생산(GDP),2534
유지하면서,2535
달,2536
하지만,2537
임,2538
명시할,2539
장애가,2540
담낭,2541
비싼,2542
실전에,2543
음성합성에서는,2544
언뜻,2545
"가능하고,",2546
"발표…""암·선천성",2547
"박막렌즈,",2548
작을,2549
거리가,2550
고속도로에서,2551
DNA를,2552
소득,2553
Advances),2554
바로,2555
이른다,2556
아니라,2557
우주비행사를,2558
99.75%가,2559
배운다,2560
차세대,2561
번째,2562
신경망’,2563
유선규,2564
"산소,",2565
접혀,2566
AI가,2567
우주선'이라고,2568
치명,2569
곳에,2570
여러,2571
하늘,2572
자기장은,2573
분석결과에,2574
"전달했지만,",2575
점검이,2576
"않으며,",2577
컴퓨터에,2578
머리가,2579
기능이다,2580
기존에는,2581
말처럼,2582
휠,2583
신중한,2584
주관적인,2585
자율성을,2586
Attractions,2587
“과도한,2588
아직은,2589
보강함으로써,2590
전문가들과,2591
남동부,2592
바닥을,2593
"인프라로,",2594
"보이는데,",2595
분석해,2596
사실은,2597
등에,2598
"밝혀졌다""며",2599
면이,2600
글로벌,2601
가렸다,2602
수소와,2603
전기나,2604
V6,2605
부른다,2606
난제를,2607
타당성,2608
‘연성재질,2609
걸렸다,2610
지나자,2611
변이,2612
태운,2613
숙제로,2614
IBM을,2615
경제학을,2616
돼도,2617
알을,2618
[UNIST,2619
유비퀴틴,2620
거쳤다,2621
연구가,2622
"GPU,",2623
절감을,2624
trigger,2625
전하가,2626
기계,2627
윤곽선을,2628
지원이,2629
특히,2630
단적인,2631
시스템에,2632
데미스,2633
힘을,2634
결함은,2635
보여준다,2636
클,2637
혜택을,2638
나눴을,2639
4만여명의,2640
자라지,2641
꼽힙니다,2642
살아남을지,2643
반면,2644
이하만을,2645
물이,2646
Possible,2647
판단이다,2648
실시하여,2649
이해에서는,2650
필름형태의,2651
점에서,2652
어디라도,2653
파동이,2654
"똑똑해지게,",2655
하나,2656
복용,2657
1억,2658
사용자를,2659
관찰할,2660
탈모·구토,2661
연결한,2662
연공서열과,2663
붉게,2664
비행,2665
상호작용,2666
폐,2667
로켓,2668
장점,2669
연구소가,2670
둥근,2671
“지금으로선,2672
성호르몬,2673
대로,2674
후에는,2675
60km이다,2676
지카바이러스에,2677
이유가,2678
이번에,2679
채널에서는,2680
제시된,2681
구조에,2682
자료를,2683
줄일,2684
끼친다는,2685
맨눈으로,2686
파동을,2687
과정과,2688
2020년에는,2689
체계에,2690
자성,2691
떠오른다,2692
"구아닌(G),",2693
SLS는,2694
석기를,2695
특성이,2696
갖고,2697
신소재공학과,2698
공대는,2699
내디딘,2700
표준시(GMT)로,2701
사업과,2702
내릴,2703
상태로,2704
물과,2705
넘어,2706
여력이,2707
"""한·중·일",2708
말을,2709
파도가,2710
"전기적,",2711
지시,2712
분석으로,2713
위해,2714
명이,2715
내리는지에,2716
기대,2717
상세한,2718
최고,2719
'뜻밖의,2720
리튬이온과,2721
정부를,2722
비,2723
총칭한다,2724
일원으로,2725
덮고,2726
단서를,2727
소바주,2728
급격하게,2729
기초연구,2730
범위가,2731
망치처럼,2732
파도를,2733
생쥐,2734
치매도,2735
서식스,2736
맺혀,2737
작았던,2738
슈퍼커패시터를,2739
쓰이는,2740
전자인,2741
세상’,2742
계획이,2743
무엇보다도,2744
고인골을,2745
계획된,2746
의도치,2747
유인,2748
달하는,2749
생식기관,2750
칭기즈,2751
번개호',2752
다채로운,2753
날씨,2754
로그데이터(오류·장애로부터의,2755
responses,2756
"설치하고,",2757
토요타,2758
증식시킴을,2759
보는,2760
기초과학연구원(IBS),2761
숲이,2762
올라가면,2763
나서는데,2764
환경에,2765
만들어가는,2766
페로브스카이트(Perovskite),2767
ICT,2768
원자의,2769
쿠니오가,2770
기술경영,2771
표적,2772
미국항공우주국(NASA)이,2773
'아프리카발톱개구리(Xenopus,2774
유전자가,2775
영역은,2776
구글은,2777
비휘발성을,2778
가능해진다”고,2779
CPU를,2780
지카바이러스는,2781
"없지만,",2782
자신의,2783
종합기술원,2784
무게도,2785
저장밀도가,2786
알아서,2787
신품종,2788
픽셀,2789
마츠다,2790
기증할,2791
자연스러운,2792
1.5m짜리,2793
3사,2794
이미,2795
개발됐는데,2796
마이크로칩을,2797
갖다,2798
“카테터,2799
전이된,2800
누구의,2801
따지고,2802
학습해,2803
기원임은,2804
퍼져있는,2805
역할,2806
하향설계식,2807
연구결과는,2808
것을,2809
발전하고,2810
뭔지,2811
90%까지,2812
39％)의,2813
목표물,2814
벙코돌고래도,2815
단백질의,2816
먼지를,2817
유사한,2818
투명망토가,2819
제작하거나,2820
벗어나,2821
가져올,2822
동료의,2823
"시작된다""며",2824
오류를,2825
공동연구팀은,2826
배출하지,2827
제어기로,2828
부품처럼,2829
재사용,2830
“개발된,2831
폐질환,2832
쉽게,2833
정책포럼에서,2834
우주로,2835
순간적으로,2836
산다고,2837
높여간다,2838
평생,2839
귀환한다,2840
이제,2841
의약계에서,2842
탄성값과,2843
표면에서,2844
‘어플라이드,2845
넘어서와,2846
짜맞춘,2847
흡수한,2848
부작용이,2849
환경,2850
게재됐다,2851
간단히,2852
분석…,2853
"이산화탄소인데,",2854
82%였으나,2855
노동시장의,2856
원인을,2857
메탄,2858
간단했다,2859
"경쟁력,",2860
조사했다,2861
레이더로,2862
전문기관에서는,2863
축적하고,2864
2단,2865
가정용,2866
"규명하고,",2867
21일,2868
놀랍게도,2869
영역으로,2870
효과적인,2871
목숨을,2872
구글이,2873
특성을,2874
복잡했다,2875
알아냈다,2876
크기의,2877
내용입니다,2878
발전기를,2879
“메타물질의,2880
지속적인,2881
in,2882
"있으며,",2883
"능력,",2884
통과해,2885
'국제,2886
근접하는,2887
성질,2888
"광대뼈,",2889
낮아,2890
약해지다가,2891
생식능력도,2892
등은,2893
속,2894
치료제인,2895
스페이스X가,2896
풀렸습니다,2897
던지면,2898
연구개발(R&D),2899
연구원들이,2900
산업,2901
일직선으로,2902
내놓았다,2903
몽골을,2904
폐암,2905
연구진으로,2906
기초연구의,2907
저공비행하며,2908
망상,2909
돌아가게,2910
"교수는""뿌리가",2911
배열을,2912
설립,2913
"테크놀로지,",2914
보인다”며,2915
갖게,2916
확인했다고,2917
"열렸다""며",2918
부위에까지도,2919
외신은,2920
없어,2921
'기후산업육성모델'의,2922
2차,2923
귀환에,2924
변화는,2925
생존하는,2926
들이받았다,2927
Expo,2928
바이러스에,2929
가지기,2930
중생대,2931
준비해온,2932
얻었다,2933
"전,",2934
노벨화학상은,2935
5m에,2936
밀림에,2937
우주선,2938
감염에,2939
마이크,2940
달에서는,2941
RIDE)'를,2942
동부의,2943
진학한,2944
고인골에서,2945
하나씩의,2946
않았다,2947
5일,2948
둔,2949
도달했느냐보다,2950
공정,2951
저하시킨다”고,2952
박사,2953
아키텍처(Van,2954
메타원자로,2955
근지점을,2956
R&D,2957
116년,2958
만들어내는,2959
Launch,2960
개발했다,2961
기관을,2962
국제학술지인,2963
75％의,2964
네이쳐,2965
일반적으로,2966
차세대발사시스템인,2967
"메모리,",2968
분석결과,2969
편집된,2970
정자,2971
한,2972
커보인다고,2973
중심에는,2974
살아있는,2975
연구소는,2976
기능에,2977
되죠,2978
프로그램을,2979
방사선,2980
참여한,2981
감염되면,2982
크기를,2983
시그널링(Science,2984
익숙해진,2985
초소수성,2986
세계적으로,2987
시속,2988
잎이,2989
“한국,2990
멀지,2991
연구자,2992
치명적인,2993
바이오테크놀로지,2994
수와,2995
종사하는,2996
"11명(39%),",2997
<레이스콥터>는,2998
완료할,2999
존재한다는,3000
목적,3001
"논리,",3002
공룡으로,3003
주목받자,3004
접히거나,3005
드론마다,3006
주인공,3007
종으로,3008
"2,000여개의",3009
동료들은,3010
번꼴로,3011
수분이나,3012
세계,3013
선임연구위원은,3014
명왕성의,3015
초,3016
결국,3017
재사용’,3018
구성됩니다,3019
‘프로젝트,3020
방향의,3021
내놓은,3022
대시보드의,3023
제공해야,3024
감염시켰다,3025
인식하고,3026
오는,3027
시나리오가,3028
있음을,3029
속에,3030
질병을,3031
동시에,3032
최신,3033
대강당에서,3034
기상청,3035
분야가,3036
경로를,3037
변경뿐이다,3038
낙상으로,3039
4차,3040
평가하는,3041
계획도,3042
홍보,3043
수백,3044
자극,3045
"관측된다""며",3046
없었다,3047
복수좌위에서의,3048
비행이었던,3049
물려받아,3050
“테러리즘,3051
수준을,3052
러브콜을,3053
컴퓨터와,3054
12일자에,3055
챙기는,3056
3주,3057
인공지능(AI),3058
독일의,3059
한국과학기술연구원(KIST)은,3060
`수석발명가`라는,3061
이유를,3062
일종의,3063
자연대가,3064
SLS,3065
회에,3066
통과해버리는,3067
길러낼,3068
문제,3069
시신경에서,3070
박재형,3071
부피는,3072
아바타의,3073
낮습니다,3074
놓으면,3075
나타낸다고,3076
지역이,3077
"레이더,",3078
주,3079
튕겨내는,3080
단백질을,3081
흐른,3082
1번부터,3083
전자나,3084
"러시아,",3085
이래,3086
해당하는,3087
러시아,3088
동영상,3089
뜻이다,3090
대부분은,3091
색깔별로,3092
전부터,3093
신축성,3094
저장하는,3095
"가고,",3096
추정됐습니다,3097
보도에,3098
위치할,3099
적응,3100
폐암의,3101
뿐이다,3102
의대,3103
연구들이,3104
개방적이고,3105
최초로,3106
단백질이,3107
신장보다,3108
잰다,3109
공기,3110
제어용,3111
단백질),3112
문맥,3113
떨어집니다,3114
세웠다,3115
비밀에,3116
보이고,3117
외벽에,3118
체계도,3119
원장을,3120
상태로도,3121
파동에너지의,3122
(오른쪽),3123
얼굴에서,3124
IBM은,3125
가깝다,3126
학생,3127
찾아내지만,3128
-,3129
23일,3130
의자만,3131
뒤,3132
늘어,3133
재료들은,3134
설정되면,3135
홀'을,3136
5’보다,3137
자손들은,3138
엄폐와,3139
치매,3140
"대퇴골,",3141
공간에서의,3142
장점만,3143
위치해,3144
기조가,3145
“도구를,3146
살짝,3147
존재여야,3148
구조,3149
예를,3150
'매질'이라고,3151
데이비드,3152
해주려고,3153
예정이던,3154
초보적인,3155
“차대를,3156
효율적이고,3157
페링하,3158
테슬라에게,3159
중심)',3160
안에,3161
증상입니다,3162
과제로,3163
유발함을,3164
하나입니다,3165
실렸다,3166
뇌를,3167
물으면,3168
드론도,3169
않아,3170
확률통계,3171
왜,3172
환자에서,3173
이들의,3174
아프리카발톱개구리는,3175
로켓의,3176
연방,3177
그림,3178
수상자를,3179
자극하는,3180
됐고,3181
도핑을,3182
그만큼,3183
“정해진,3184
2004년,3185
일인용,3186
거리를,3187
노스웨스턴대,3188
및,3189
바탕으로,3190
활판,3191
인식됨으로써,3192
발견되는,3193
그림자라는,3194
유럽우주국(ESA),3195
상처부위를,3196
SNP,3197
적합한,3198
‘을’을,3199
국내에서,3200
쓰이게,3201
밝혀졌습니다,3202
활성화,3203
한가운데,3204
이같이,3205
스턴,3206
대비,3207
지난해에,3208
일환으로,3209
색깔이나,3210
않다”라고,3211
떠오르는,3212
‘알파고’,3213
회사들에,3214
상품성이,3215
타원궤도로,3216
고릴라는,3217
생산하려는,3218
산악구조대가,3219
몽골로이드)가,3220
조기,3221
보이지,3222
지표)로,3223
27일(현지,3224
기울이고,3225
`빛을,3226
회원,3227
영국서,3228
'쪽집게식',3229
줄어들면,3230
탄생했다는,3231
마음대로,3232
변신,3233
모아,3234
들을,3235
헬리콥터를,3236
필요,3237
받지,3238
"있고,",3239
7명은,3240
운,3241
평가,3242
애니메이션에서나,3243
빛,3244
운반선마저,3245
"일',",3246
과학적인,3247
많을수록,3248
이런,3249
개념도,3250
이름이라는,3251
속했습니다,3252
속도가,3253
이들에게,3254
예측,3255
제공,3256
Reality),3257
TGO는,3258
인물),3259
이달,3260
“나선형,3261
분자생물학적,3262
신기술이,3263
음성으로부터,3264
공대,3265
있다'는,3266
선택되는지,3267
AI를,3268
피토크롬,3269
되고,3270
일선에서는,3271
아나톨리,3272
처치는,3273
"'플립러닝',",3274
개구리의,3275
연구할,3276
않았습니다,3277
뉴호라이즌호는,3278
햇빛,3279
있지만,3280
만한,3281
화성으로,3282
다시,3283
기초과학지원연구원,3284
ISS로,3285
덕분이다,3286
165.6㎝에,3287
셀(Cell)을,3288
25mg,3289
알아내,3290
마을에서,3291
개발하겠다고,3292
SK텔레콤,3293
예다,3294
(서울=연합뉴스),3295
서비스를,3296
따기,3297
Signaling),3298
연못을,3299
지혈재료를,3300
가위는,3301
외장,3302
지구와,3303
생김이,3304
달과,3305
좌장으로,3306
노먼,3307
증거에,3308
떨어진,3309
1ｍ,3310
DNA의,3311
배출하려는,3312
영국,3313
당뇨,3314
감염된,3315
보름달일,3316
역,3317
일정,3318
큰달(2016.11.14.)과,3319
작은달(2016.4.22.),3320
학습할뿐,3321
국가,3322
배기량,3323
인,3324
"강도,",3325
가상공간,3326
효율은,3327
제시했습니다,3328
질병예방통제센터(CDC)는,3329
중견,3330
무질서한,3331
가계로,3332
표면의,3333
식이,3334
잘못된,3335
물질로,3336
동료에게,3337
대체하는,3338
구하는,3339
"도쿄대,",3340
로켓이,3341
만들,3342
지칭)’가,3343
과제를,3344
단계,3345
화학부,3346
카이퍼,3347
'마법의,3348
유전체,3349
구조들과,3350
기어,3351
적었다,3352
돼왔다,3353
ITS는,3354
치매는,3355
창의적,3356
디지털,3357
전투기의,3358
크리스퍼,3359
활용된다,3360
미래에,3361
띠기,3362
강력한,3363
계획을,3364
개틀링,3365
제1저자인,3366
“이런,3367
드라마,3368
"이상이지만,",3369
학생이,3370
전자,3371
공개될,3372
출력이,3373
피운,3374
레이더는,3375
"multicore),",3376
선보일,3377
활용한,3378
“누구나,3379
산학연,3380
존재하지,3381
포스트’,3382
응용에,3383
날아,3384
암의,3385
공격으로,3386
트위터를,3387
연구교수(오른쪽)의,3388
폐기,3389
"힘,",3390
노인,3391
몸,3392
더욱,3393
그런데,3394
때보다,3395
1,3396
애플도,3397
과학자,3398
산업혁명,3399
육성하기를,3400
뉴호라이즌호를,3401
질서가,3402
연구하고,3403
발현,3404
과학기술부,3405
파악해,3406
스탠포드,3407
한계가,3408
현행,3409
대신해,3410
발견,3411
DNA가,3412
끝없이,3413
'무질서한,3414
현상의,3415
서울,3416
데,3417
듀크,3418
판단했을,3419
'황금씨족'으로,3420
교수(72)와,3421
안되는,3422
노벨상,3423
족사의,3424
형상의,3425
"목표""",3426
통화를,3427
교수(65),3428
정책을,3429
핵심으로,3430
지구과학부,3431
움직여서,3432
상태이고,3433
따른,3434
총기나,3435
도착할,3436
섬유,3437
연속적으로,3438
중앙처리장치(CPU)와,3439
접착성을,3440
인식하기,3441
보내고,3442
폐암조직의,3443
둥글다는,3444
않은,3445
일으킨,3446
비서,3447
기원을,3448
거대하고,3449
통해,3450
차이를,3451
일식은,3452
전망하고,3453
'제이다이트,3454
더해,3455
층(層)으로,3456
구축했기,3457
해안가의,3458
"당뇨병,",3459
감지하지,3460
않았고,3461
연구뿐만,3462
전쟁에도,3463
‘네이처,3464
“기초과학,3465
"""또",3466
방법으로,3467
측정함으로서,3468
기계공학자들이,3469
지르는,3470
메타원자는,3471
잔잔한,3472
보면,3473
이렇게,3474
Y-STR(Y,3475
착륙했을,3476
우주선과,3477
생각한다,3478
온실가스를,3479
틈,3480
중단,3481
상황을,3482
소용이,3483
우거진,3484
찾는,3485
개량하는,3486
생물이,3487
손이나,3488
"5월,",3489
소행성에,3490
다르다”고,3491
크다,3492
"즉,",3493
교육은,3494
지식,3495
멈추십시오.”,3496
되던,3497
저장밀도를,3498
부처,3499
톨고이(Tavan,3500
날카로운,3501
인지,3502
1969년산,3503
미세로봇은,3504
알려졌습니다,3505
반자율주행,3506
노선에서,3507
슈퍼컴퓨터는,3508
일본에서는,3509
나눠,3510
저장매체에,3511
보기,3512
뱁티스트,3513
되었다,3514
168.9㎝에,3515
테스토스테론의,3516
궤도는,3517
자석들이,3518
도달할,3519
과시하기도,3520
학문,3521
사랑한,3522
생활,3523
정책,3524
'제이,3525
공무원들이,3526
현저히,3527
AI,3528
로봇과,3529
704억,3530
개발에,3531
Gordon)이,3532
"CPU,",3533
도달하겠다”,3534
전망이다,3535
주로,3536
적용하기,3537
신속하게,3538
미국이다,3539
남은,3540
"가지지만,",3541
전달된다,3542
운전면허를,3543
신경망과,3544
탑재한,3545
곳에서는,3546
대회에서,3547
만드는,3548
공동화를,3549
퍼지면,3550
브라질,3551
고온,3552
진화하는,3553
다듬어져야,3554
적용된다,3555
줄었고,3556
느낄,3557
주목을,3558
대학교,3559
"소재,",3560
남성,3561
“고전적,3562
포스닥,3563
이르는,3564
외벽,3565
됐다,3566
응답에는,3567
한국인./미국,3568
넓게,3569
연잎은,3570
개기일식,3571
처리,3572
연구의,3573
대체할,3574
가져왔다,3575
기관입니다,3576
보니,3577
추진체는,3578
채널에서의,3579
연세대,3580
"""자신만의",3581
현상이다,3582
시리를,3583
창의적인,3584
변화시킨다,3585
향하는,3586
식물의,3587
공간,3588
징후가,3589
"78.1㎏,",3590
“듬직한,3591
공무원,3592
하는지가,3593
Engineering)가,3594
우울증,3595
뜯어고쳐야,3596
메타물질의,3597
활동보다,3598
공간을,3599
미궁으로,3600
개최,3601
"두개골,",3602
뽑는,3603
뼈는,3604
두뇌의,3605
환자와,3606
이만한,3607
못하고,3608
진단,3609
잘라,3610
어휘·문장구조,3611
차이가,3612
"산업계,",3613
마찰하는,3614
일반인들은,3615
다음,3616
대응관계를,3617
질환은,3618
제왕’을,3619
종양을,3620
신호를,3621
위로,3622
"뜻하고,",3623
Institute,3624
ITS,3625
조종사들은,3626
기초연구를,3627
소홀하다는,3628
메타물질과,3629
생각지도,3630
발사에,3631
학과의,3632
나라의,3633
놓이게,3634
쏟아도,3635
해당,3636
‘누구(NUGU)’,3637
돌연변이들에,3638
충전한,3639
차량은,3640
건강,3641
불렀습니다,3642
너무,3643
메모리를,3644
MS-01호,3645
처음이다,3646
실험이,3647
도는,3648
다결정,3649
평가했다,3650
근접한,3651
동작을,3652
탐사선을,3653
인간의,3654
맞추게,3655
"기대된다""며",3656
높아진다,3657
국제학술지,3658
주변에서,3659
우리가,3660
신경컴퓨터에,3661
세포를,3662
문제에서,3663
교수들의,3664
9월,3665
감소시킨다는,3666
"ATTGCG,",3667
나라,3668
밀도를,3669
논쟁은,3670
기여,3671
부모에게서,3672
카테콜아민,3673
올초,3674
완성돼,3675
샘플이다,3676
광섬유와,3677
·자매간이거나,3678
본격적으로,3679
"초등학교,",3680
"""인류가",3681
방향으로,3682
"기대된다""고",3683
사업(파동에너지,3684
상을,3685
3일간,3686
전문가,3687
노동시간이,3688
수동,3689
표현하는,3690
분야에서,3691
바다,3692
떨어지며,3693
“저도요,3694
약물,3695
블루투스를,3696
그로,3697
젖지,3698
남아,3699
원인은,3700
종의,3701
참석한다,3702
입체,3703
핵심기술인,3704
것”이라고,3705
보고된,3706
물리적으로,3707
리,3708
프로필,3709
광화학적,3710
가리는,3711
사용자가,3712
걱정하지만,3713
아니다,3714
활용은,3715
늘어날,3716
것에서,3717
관심이,3718
2010년,3719
쳐다볼,3720
동남아시아에서도,3721
경고,3722
막대,3723
동안,3724
영국도,3725
한다고,3726
같다”고,3727
21분경이다,3728
열쇠를,3729
관련한,3730
응답에서는,3731
13%에서는,3732
여겨졌던,3733
결과로,3734
하나를,3735
파란색(DNA염색,3736
사고는,3737
CPU도,3738
연기는,3739
문장으로,3740
고조시켰다,3741
고속도로,3742
감각기관을,3743
‘내장형,3744
수컷,3745
거론됐지만,3746
위성인,3747
반사되지,3748
방식에서,3749
나노,3750
인간에,3751
가계에,3752
없지만,3753
제어,3754
나선형,3755
관계를,3756
넓어지고,3757
찾기,3758
가능성도,3759
DB에,3760
"‘시리(Siri)’,",3761
이보다는,3762
일을,3763
볼,3764
인간-기계간,3765
학습하게,3766
‘호보파베르(도구의,3767
있어,3768
한가위에는,3769
광수용체,3770
게,3771
사실을,3772
메타원자,3773
화성의,3774
지표를,3775
키워,3776
바이코누르,3777
흐로닝언대,3778
결합하면,3779
"20대,",3780
것보다도,3781
개발됐다,3782
들어갈,3783
당신처럼,3784
출시할,3785
예방에도,3786
일어나면,3787
Y-SNP(Y,3788
공간상,3789
인지능력이,3790
등도,3791
정도로,3792
일부만,3793
결합하며,3794
끊겨,3795
기울어져,3796
픽셀(이미지를,3797
질세라,3798
전류의,3799
투과하는,3800
소속이,3801
오랫동안,3802
돌리는,3803
멍청한,3804
하는,3805
기둥에,3806
공전궤도면과,3807
증가했을,3808
옥스퍼드대와,3809
밝히는,3810
중국인이,3811
수분이,3812
윤종용,3813
처음이라고,3814
인간)’란,3815
"이후,",3816
소파에,3817
찾아봤다,3818
혈관성,3819
변환효율이,3820
정부는,3821
문제에,3822
지카,3823
압축률,3824
발견된,3825
들어가는,3826
안정성평가연구소의,3827
필요하다”고,3828
산업혁명'으로,3829
기계로,3830
잠수함은,3831
IBS,3832
레몬스,3833
이례적으로,3834
파악할,3835
92.5%에서,3836
응답→음성합성으로,3837
중요한데,3838
"""4차",3839
가족관계,3840
내시빌에서,3841
인식하는,3842
활동을,3843
미래부는,3844
졸업생,3845
사람과,3846
확인됐습니다,3847
주목받는,3848
정,3849
마찰,3850
수개월을,3851
성공적으로,3852
이뤄낸,3853
하던,3854
연못이나,3855
크게,3856
사망,3857
깊이,3858
질환을,3859
공공연구기관에서,3860
모습(오른쪽)/한국연구재단,3861
시대만큼,3862
적다는,3863
Tolgoi),3864
기술적으로,3865
가능했다,3866
진흙탕에서도,3867
"X,",3868
문서작업이나,3869
태양이,3870
17일,3871
관계자는,3872
스웨덴,3873
빠집니다,3874
후송됐다,3875
"""이런",3876
질,3877
거세게,3878
응용,3879
월식을,3880
성별이,3881
기관이다,3882
저하되는,3883
브레이브,3884
연구자와,3885
◇지구의,3886
‘오리온’이,3887
염색체만,3888
뚜렷했고,3889
각,3890
타이후라이트(Sunway,3891
"1만3429명,",3892
초식공룡,3893
탐사,3894
4년을,3895
"보이고,",3896
첨단,3897
움직이는,3898
선택의,3899
1명은,3900
당장,3901
이용하여,3902
유연재료로,3903
충돌했다,3904
파트너십(Partnership,3905
비교한,3906
뇌,3907
가능해짐을,3908
화성에,3909
참여하는,3910
절대적인,3911
누가,3912
결과’를,3913
부사장은,3914
진단을,3915
딥러닝의,3916
스텐트,3917
위해서는,3918
2013년,3919
태양에너지,3920
형태로,3921
순서대로,3922
일어나,3923
주의력을,3924
식별할,3925
촉진하고,3926
부장품의,3927
적용하면,3928
내년에,3929
백신,3930
뉴호라이즌호가,3931
날씨·기온,3932
개조한,3933
따라,3934
행사하며,3935
나올법한,3936
화성까지,3937
입증됐다,3938
일어나지,3939
가닥교환반응에,3940
한국과학기술기획평가원에,3941
단어를,3942
늘어나,3943
벨,3944
엔진의,3945
부족하다는,3946
미래부의,3947
비상,3948
로봇에,3949
망(望)인,3950
실험동물로,3951
한국생명공학연구원,3952
않는,3953
조금씩,3954
잠재력과,3955
색깔과,3956
'기록경기'가,3957
석기는,3958
반응을,3959
대기의,3960
그동안의,3961
워싱턴포스트는,3962
Her,3963
“우리나라,3964
모르고,3965
최근,3966
화성,3967
배분,3968
세워야,3969
부족하다”면서,3970
"지적하고,",3971
유래했다,3972
강상관계물질연구단은,3973
작용을,3974
50%는,3975
선천성,3976
용을,3977
테이저,3978
명인지는,3979
"도구""라고",3980
5체의,3981
“미국에서,3982
노동시간을,3983
밝혔습니다,3984
태양전지의,3985
‘갤럭시,3986
도착하게,3987
된다”면서,3988
군인들처럼,3989
전장에서,3990
피의자의,3991
도울,3992
투명망토,3993
촉발하고,3994
유재준,3995
남성의,3996
대규모,3997
보자,3998
착수했다,3999
서로다른,4000
자동차’라는,4001
초음파를,4002
보즈먼,4003
옷감이나,4004
풀뿌리,4005
믿음은,4006
길,4007
크기,4008
지난해,4009
성과를,4010
일단,4011
제작해,4012
국립암학회지(JNCI),4013
"여름,",4014
일본에서,4015
변화를,4016
"옷감,",4017
성공,4018
주제였다,4019
나노·바이오·에너지가,4020
지원하는,4021
건물,4022
성공해,4023
떨어지는,4024
개가,4025
사용하는,4026
붉은,4027
"없는데,",4028
교감까지,4029
'슈퍼커패시터',4030
접점을,4031
진공,4032
◇68년,4033
설립했다,4034
컨퍼런스,4035
기대하고,4036
한미,4037
16일,4038
주어진,4039
산맥에서,4040
알고리즘이,4041
학술지,4042
철저히,4043
International,4044
생활에서,4045
특허를,4046
합쳐져,4047
원씩,4048
캠퍼스에서,4049
0.1PF으로,4050
흡연,4051
일관성,4052
한국과학기술연구원(KIST)의,4053
그림자로,4054
대중화에,4055
위한,4056
도출하는,4057
있었던,4058
"유지됐고,",4059
동북아에,4060
주인인,4061
보여줬다,4062
하겠다는,4063
자세(pose)가,4064
카피바라,4065
chip)이라고,4066
분야(2012년,4067
아우디,4068
담당하는,4069
안보이는,4070
기증받자,4071
못,4072
동물들이,4073
선웨이,4074
"다행히도,",4075
위주로,4076
16배,4077
끊이지,4078
"진보,",4079
대기,4080
개원,4081
확실하게,4082
on,4083
화제가,4084
타기,4085
운전자가,4086
답했다,4087
6.4%에,4088
기준으로,4089
남이,4090
논문의,4091
광범위한,4092
지시가,4093
동료끼리,4094
성장,4095
재사용하기,4096
아바타는,4097
“카테난과,4098
장비를,4099
"하는데,",4100
프로젝트는,4101
작용하는,4102
공정도,4103
그룹(4배체)을,4104
1948년,4105
종합했을,4106
관해,4107
골라,4108
질문의,4109
수석,4110
평가는,4111
끝에,4112
"연구됐지만,",4113
심층신경망을,4114
표적의,4115
탐사하는,4116
대의,4117
잊혀졌다.전투,4118
말,4119
돌아갔다,4120
좌석,4121
여성,4122
경주용차를,4123
기술,4124
존재했다,4125
넓은,4126
화학과,4127
변형해,4128
‘스키아파렐리’(Schiaparelli)가,4129
터져,4130
소리를,4131
이용된다,4132
단골로,4133
있기,4134
광수용체를,4135
전선을,4136
발병과,4137
필수적,4138
Kinship,4139
질병으로,4140
학문이,4141
활동은,4142
설치,4143
등산로를,4144
다이트,4145
둘둘,4146
걱정없는,4147
엔진에서,4148
일으킬,4149
비상정지,4150
취지로,4151
색깔을,4152
각광받고,4153
있다”고,4154
생각했다.이들은,4155
나노입자,4156
하다,4157
정상적인,4158
로켓과,4159
데이터로,4160
발전효율은,4161
불꽃놀이’를,4162
연구장비,4163
있음도,4164
“기초연구는,4165
보장돼야,4166
부품,4167
교육에,4168
지,4169
그의,4170
대응점을,4171
관찰과,4172
코로나그래프(coronagraph)를,4173
향한다,4174
변신했을,4175
가장,4176
아프리카발톱개구리의,4177
상금을,4178
좁힌다,4179
인식,4180
저질렀다며,4181
극대화할,4182
혼,4183
기다려야,4184
'KIST,4185
음성인식은,4186
부서진,4187
발생해,4188
"""기술에",4189
만능형,4190
건담이,4191
딥마인드는,4192
매터리얼스',4193
mon@yna.co.kr,4194
1g당,4195
추력은,4196
이민형,4197
방식을,4198
학자들은,4199
산세이,4200
메타물질(자연계에,4201
인간-기계,4202
나타나는,4203
홍합의,4204
맡는다,4205
노벨생리의학상을,4206
이용하면서부터다,4207
주력한다,4208
조수인,4209
동작,4210
멀티코어,4211
흐름을,4212
축적돼,4213
거리까지,4214
접착성,4215
정보기술을,4216
데에는,4217
따라다닌다,4218
65%(104명)가,4219
레이스콥터가,4220
전,4221
걱정은,4222
정확도가,4223
‘자연적,4224
지구에,4225
연구소,4226
10초만에,4227
사랑하는,4228
인터넷,4229
상호작용을,4230
넘겨줘야,4231
동그랗게,4232
정한,4233
'네이처(Nature)'에,4234
양찬호,4235
잎에서,4236
로켓은,4237
128km(80),4238
불과하지만,4239
촉매보다,4240
비행기처럼,4241
돼,4242
없더라도,4243
프로젝트를,4244
둘을,4245
공격한다,4246
171',4247
공전궤도면이,4248
플라즈모닉,4249
부계기원은,4250
고효율의,4251
실패했다고,4252
수준이다,4253
식기세척기,4254
"치아,",4255
주삿바늘에,4256
문화와,4257
‘주의,4258
분자,4259
‘다소,4260
온,4261
탐지한다,4262
무장한,4263
끈다,4264
유형들을,4265
30일(현지시간),4266
한국에서는,4267
‘반지의,4268
몇,4269
`슈퍼문`을,4270
초점을,4271
불고,4272
걸림돌이,4273
모색한다,4274
나갔는데도,4275
산업시설물의,4276
기체의,4277
수련,4278
3월,4279
코팅돼야,4280
경우에만,4281
발견해,4282
기술로,4283
베트남,4284
대학에,4285
추적해,4286
“기초과학계는,4287
들어,4288
안전합니다,4289
연관이,4290
실험에도,4291
인프라를,4292
‘신경망’을,4293
차이나,4294
한계를,4295
조맹효,4296
수준에,4297
말한다,4298
출혈이,4299
DNA-금나노입자,4300
구류,4301
방향(합삭)에서,4302
보노보에게,4303
50만,4304
비판이,4305
Association,4306
주파수를,4307
선정,4308
생긴,4309
조화롭게,4310
위해선,4311
사람의,4312
화학공학부,4313
상황의,4314
잠겼기,4315
염기서열을,4316
3일,4317
플로스원(Plos,4318
“지원방식을,4319
60%,4320
형태와,4321
필연적으로,4322
복잡성,4323
남녀불문,4324
'오발탄'이,4325
고정함으로써,4326
뇌출혈,4327
모듈에,4328
분자를,4329
녹음해,4330
일부는,4331
프로젝트의,4332
발사된다,4333
판단하기엔,4334
"지구,",4335
시작으로,4336
10월17~23일,4337
방출하면서,4338
국립과학재단(NSF),4339
공동연구진은,4340
양분을,4341
방침이다,4342
2016'을,4343
우주에서,4344
병입니다,4345
신경망',4346
지적,4347
자사의,4348
질환으로,4349
자동차가,4350
증강,4351
신호음,4352
나타내지,4353
더,4354
인간을,4355
기체가,4356
현실성을,4357
연구,4358
통과시키는,4359
'투명망토',4360
"초록색(PTP델타),",4361
억제하는,4362
하거나,4363
최신호에도,4364
지금까지의,4365
의한,4366
역시,4367
전달하는,4368
수석발명가는,4369
폴리디메틸실록산(PDMS)으로,4370
학장은,4371
특성인데,4372
마십시오,4373
있다”라며,4374
실제,4375
▲'몽골여왕'의,4376
바뀌면서,4377
체류한지,4378
200W/㎏으로,4379
인적자원개발의,4380
독성연구,4381
방식처럼,4382
배웠고,4383
심부담을,4384
호르몬인,4385
인간이,4386
역임한,4387
않았다고,4388
응용하기는,4389
말안장과,4390
56%(104명)가,4391
노벨과학상,4392
있음에도,4393
재료를,4394
“AI는,4395
부드럽고,4396
조절할,4397
지원만,4398
수소차에,4399
파크와,4400
정보를,4401
이스라엘,4402
깜짝,4403
육성이,4404
비용,4405
연방우주공사(로스코스모스)와,4406
대,4407
무궁무진하다”고,4408
몰두하고,4409
줄여야,4410
떠날,4411
활용해,4412
양도,4413
같다,4414
사물도,4415
정형화된,4416
시,4417
커,4418
가까운,4419
이뤄진다,4420
힘들다는,4421
전자의,4422
달라질,4423
지구로,4424
마찰로,4425
정글에,4426
신호에,4427
보고서에,4428
팔렸다,4429
일방적으로,4430
중국,4431
캐딜락과,4432
커뮤니케이션즈에,4433
기계는,4434
충전이,4435
시간을,4436
박사팀은,4437
사만다라,4438
꼭,4439
자기장을,4440
수동적,4441
알고리즘을,4442
tropicalis)'를,4443
나뉩니다,4444
지나가다가,4445
완치율은,4446
논리가,4447
데이터로서,4448
얼굴을,4449
런던,4450
UNIST,4451
부원장을,4452
노벨생리의학상,4453
발굴,4454
혈액에,4455
작업을,4456
스마트폰의,4457
라이드'의,4458
길이,4459
개발하려는,4460
증명했다”고,4461
4학년에,4462
프로그램이다,4463
바람은,4464
확인한,4465
뒤로,4466
그러다,4467
오오카와라,4468
지나면서,4469
상층,4470
물리학의,4471
비교사진-큰달이,4472
일본인은,4473
정세관(정자가,4474
측정값을,4475
보조,4476
Biologically,4477
폰툰(바닥이,4478
체외수정으로,4479
변이의,4480
프로파일),4481
열전,4482
환경에서도,4483
있다면,4484
중국인은,4485
웨이크,4486
의미,4487
실패,4488
조작에,4489
응용뿐,4490
사용될,4491
중간에,4492
그릴,4493
저장밀도는,4494
연료를,4495
그룹(2배체)을,4496
A와,4497
재질의,4498
매체의,4499
실험을,4500
"놀라게했다""며",4501
"개선,",4502
혁명에서부터`라는,4503
경기장을,4504
피어티칭·무감독시험,4505
창의성이,4506
즉각,4507
5도,4508
간,4509
파괴되는,4510
협력,4511
"3체,",4512
유튜브,4513
작업이,4514
현상에,4515
나타났습니다,4516
마찬가지로,4517
역학적,4518
수행하기,4519
미리,4520
부사장샤오우엔,4521
진행되고,4522
예처럼,4523
방식으로,4524
사람들을,4525
내용을,4526
서울대,4527
분석했다,4528
시스템은,4529
드러난,4530
나지,4531
숲속에서,4532
퇴임,4533
여기에,4534
간단하지만,4535
타반,4536
오늘날,4537
로보틱스가,4538
이구아노돈은,4539
시스템(ITS)’,4540
구현해,4541
분석하면서,4542
사이언스,4543
"필요하다""고",4544
막혔다,4545
고해상도,4546
선정작을,4547
대해,4548
식별해,4549
‘절규’에,4550
의미와,4551
내다봤다,4552
실전,4553
초저온,4554
원)까지,4555
발전된,4556
1체는,4557
착안했다,4558
7개,4559
연구팀이,4560
대안으로,4561
사람이,4562
2030년대,4563
장점이,4564
이번,4565
이해하기,4566
수소차나,4567
"싶다""고",4568
유전자를,4569
박사가,4570
‘테어도르’와,4571
이,4572
키토산을,4573
기계공학의,4574
나뉜다,4575
시험감독이,4576
"중요하다""며",4577
연구진이,4578
황금씨족)의,4579
넣고,4580
가계를,4581
공룡이,4582
땅위에서,4583
정광화,4584
유형을,4585
27일,4586
앉아,4587
교수의,4588
노동자의,4589
이론이,4590
핵심은,4591
러시아·미국·일본,4592
하드웨어는,4593
컴퓨팅,4594
행사가,4595
4개를,4596
과학자이자,4597
반응한다는,4598
해결하려면,4599
있으며,4600
신소재공학부,4601
4개,4602
‘알록달록한,4603
동물을,4604
면적이나,4605
등장하고,4606
흥분,4607
물질,4608
연구팀,4609
과,4610
전달하기,4611
답을,4612
아니라서,4613
신경컴퓨터,4614
물에,4615
섬유다발)를,4616
비정상적으로,4617
구성을,4618
R1b,4619
사람을,4620
받게,4621
"""접지층은",4622
환경신호를,4623
7명(1명,4624
형상을,4625
"바랍니다""",4626
상용화한다면,4627
최단거리,4628
연구소의,4629
사용되는,4630
지역은,4631
구분했다”고,4632
성장동력,4633
초소형,4634
치자면,4635
많다고,4636
차량을,4637
일으킨다는,4638
나노로봇”이라며,4639
필요로,4640
그,4641
덧붙였다,4642
현상까지,4643
23KW/㎏에,4644
도전할,4645
모스크바,4646
오랜,4647
"성균관대,",4648
나노로봇은,4649
해체가,4650
일직선이,4651
인종을,4652
"교수(74),",4653
세계적인,4654
네모,4655
기초교육원,4656
따려면,4657
학생들이,4658
지는,4659
공격할,4660
통계의,4661
Star)’라고,4662
작품,4663
공룡의,4664
인류는,4665
구성하는,4666
이뤄지길,4667
용도로,4668
이름을,4669
의대로,4670
정부가,4671
줄어들었다,4672
거리는,4673
진화했는지,4674
대통령,4675
박사는,4676
조난자를,4677
전에,4678
수집했다,4679
표면,4680
"나오고,",4681
알아냈습니다,4682
투입돼,4683
3단계에,4684
발판이,4685
아름다움과,4686
어디까지나,4687
비용이,4688
민간,4689
한국은,4690
특성상,4691
결정구조,4692
존재하는,4693
개선하지,4694
학교,4695
방사성탄소연대,4696
실리콘,4697
적다,4698
압력장,4699
'서양발톱개구리(Xenopus,4700
위의,4701
주제를,4702
생리의학상을,4703
'인간과,4704
"줄이면서도,",4705
주의사항을,4706
까다로운,4707
8명(29%)으로,4708
개발한,4709
가는데,4710
늪지대,4711
소장)이,4712
나라는,4713
폐암환자로부터,4714
해결했다,4715
증강현실,4716
미만으로,4717
경찰에게,4718
문제입니다.”,4719
거리에,4720
크기가,4721
Cas9을,4722
최동휘,4723
보였다고,4724
"11개,",4725
지날,4726
바뀔,4727
32도,4728
드물었다,4729
위스,4730
기본,4731
압박해,4732
18년,4733
생명체의,4734
품질을,4735
산업혁명에서,4736
작동해,4737
부품들로,4738
관측하다가,4739
일정량,4740
UNIST(울산과학기술원)은,4741
로켓에는,4742
자원배분을,4743
화학약품,4744
되는,4745
Communications)',4746
공동연구진이,4747
등)에,4748
정도였습니다,4749
구리로,4750
만에,4751
"바란다""고",4752
하나로,4753
유씨는,4754
응고,4755
조상을,4756
치료,4757
정렬시킬,4758
라이드(J-deite,4759
멀거나,4760
비행한,4761
간달프는,4762
장착,4763
현상이,4764
생장을,4765
있었습니다,4766
"""향후",4767
그림이다,4768
개선될,4769
로봇)을,4770
주삿바늘,4771
티민(T),4772
필요없이,4773
알게,4774
즉,4775
뇌세포에,4776
벽이,4777
항공우주국(NASA)에는,4778
외국,4779
점을,4780
차량이,4781
"병균,",4782
슈퍼컴퓨터를,4783
향한,4784
대신하는,4785
모터를,4786
22일)보다,4787
트레일러와,4788
신경망을,4789
수업,4790
목적으로,4791
마커를,4792
쥐의,4793
실생활에,4794
고리,4795
늘어진,4796
조절이,4797
1m),4798
보내는,4799
‘가닥교환반응’을,4800
모방했다,4801
"것""이라고",4802
박사팀이,4803
미치는지,4804
의료,4805
확대하고,4806
과학,4807
나르는,4808
조성배,4809
아베,4810
타일을,4811
트래커,4812
·미토콘드리아,4813
조건,4814
키우려면,4815
속속,4816
난,4817
원통을,4818
"인해,",4819
분석도,4820
John,4821
머신러닝,4822
2012년,4823
인종별로,4824
지원,4825
"고(高)굴절,",4826
그러나,4827
EKG(심전도),4828
주에서는,4829
현상을,4830
담고,4831
권태준,4832
인류가,4833
피로,4834
로슈,4835
문장을,4836
그동안,4837
잎과,4838
‘반자동으로,4839
이상,4840
"AI,",4841
푸는,4842
자성을,4843
막혀서,4844
평범한,4845
반대편(망)까지,4846
일어나며,4847
"밀도,",4848
이화여대,4849
파란색,4850
참여했다,4851
예방해야,4852
구성된,4853
분포와,4854
의과대로,4855
패션감각에서,4856
저녁에,4857
수단으로,4858
10~11시간을,4859
외에도,4860
양산화를,4861
강인한,4862
10년,4863
오후,4864
나가는,4865
질로,4866
병세가,4867
멋지다,4868
생화학적,4869
면역체계나,4870
"삽입,",4871
구성된다,4872
그림자가,4873
포함된,4874
차대,4875
시청각,4876
강조하는데,4877
과학자들은,4878
매질'이다,4879
각도,4880
유럽인의,4881
악화되는,4882
아스라테크가,4883
태도를,4884
치료제가,4885
'전자들의,4886
오르도록,4887
고고학적,4888
다트게임으로,4889
세상서,4890
무질서하게,4891
실렸습니다,4892
생존에,4893
협업을,4894
등이,4895
오리온은,4896
안착,4897
탄환'으로,4898
‘융합’의,4899
전달해,4900
'하플로타입'이란,4901
월식이,4902
분야로,4903
열었다”고,4904
"가능하다""고",4905
높이고,4906
막는,4907
화학,4908
양,4909
확충을,4910
테이저로,4911
궁극적,4912
교수도,4913
하는가`에,4914
없다고,4915
대상으로,4916
중국에서는,4917
새로,4918
기대된다,4919
어때”라고,4920
떠났지만,4921
국방부는,4922
구동된다,4923
못하는,4924
소장을,4925
깊어질,4926
피토크롬B(phyB),4927
이명박,4928
기반을,4929
지적되는,4930
땅을,4931
EKG를,4932
속의,4933
듣기와,4934
"""뿌리가",4935
SK텔레콤의,4936
그리니치,4937
최초의,4938
부분도,4939
일어납니다,4940
콘퍼런스,4941
"""컴퓨팅",4942
대책은,4943
탐사선,4944
향하고,4945
(맨,4946
5주년을,4947
가지,4948
발견했다,4949
사법,4950
7월,4951
충격과,4952
"같은),",4953
반응한,4954
응급,4955
바른ICT연구소의,4956
설명했다,4957
28명,4958
되면,4959
“이,4960
'AIA,4961
주재,4962
상온에서도,4963
전하를,4964
알츠하이머병의,4965
많았다,4966
자재를,4967
들린다,4968
토대를,4969
뇌에서,4970
반응은,4971
시킨,4972
상대가,4973
자에,4974
수명이,4975
듣는다,4976
"고환크기,",4977
수준이지만,4978
주력했다,4979
“AI를,4980
체세포,4981
높인다는,4982
상이한,4983
노벨상은,4984
못하다,4985
허재원,4986
중국은,4987
눈으로,4988
디딘,4989
자연상태에서,4990
미토콘드리아,4991
인간보다,4992
착륙을,4993
“비강과,4994
NASA의,4995
질병,4996
위성의,4997
여왕'으로,4998
시도를,4999
대부분,5000
65만명에,5001
지하의,5002
27명,5003
조합해,5004
하나가,5005
머티리얼즈(Nature,5006
피해망상에,5007
연구를,5008
돌아올,5009
신기한,5010
로켓보다,5011
음향실의,5012
조합을,5013
수소연료를,5014
토양이,5015
마커라는,5016
반복수,5017
스트라부르대,5018
추세”라고,5019
비판하는,5020
STR과,5021
12월,5022
엔진,5023
혈우병,5024
마치면,5025
2층짜리,5026
제조사인,5027
불꽃놀이를,5028
교육의,5029
드론에도,5030
사격을,5031
성능도,5032
아바타에,5033
몽골의,5034
세,5035
"풀지만,",5036
김연아의,5037
확인하고,5038
도전하는,5039
목적을,5040
7월부터,5041
전문가들은,5042
교수팀은,5043
확인했다는,5044
이게,5045
'코로나,5046
목표에,5047
자세히,5048
‘신문을,5049
탑재된,5050
2명이,5051
산소가,5052
결합해,5053
“체내,5054
미아타,5055
자외선,5056
전자가,5057
대응점과,5058
인체의,5059
카이오와,5060
자금,5061
7체가,5062
비교가,5063
무수히,5064
위원장은,5065
대중화한,5066
당시에는,5067
논문명:,5068
"공유하며,",5069
고안정성,5070
부분의,5071
들여다보면,5072
학회,5073
일본,5074
DNA,5075
분간하지,5076
연구자들은,5077
응용·첨단기술의,5078
억제하면,5079
같이,5080
손꼽힌다,5081
구성돼,5082
스마트폰에,5083
머리,5084
인류,5085
차오른,5086
22억,5087
그룹,5088
만들기,5089
것보다,5090
'이탈자'를,5091
동영상들이,5092
"""세렌디피티(Serendipity)""라는",5093
앞선,5094
250여,5095
영토였던,5096
축적하는,5097
확인된,5098
암을,5099
"팔다리,",5100
정종오,5101
두절됐다,5102
갈래를,5103
첫발을,5104
환자들의,5105
빛이나,5106
경향이,5107
놀이기구,5108
우주인,5109
21세기,5110
수련처럼,5111
부분,5112
낮은,5113
힘들었다”면서,5114
떨어지게,5115
4체는,5116
팔로우하는,5117
성,5118
동작이,5119
있다”면서,5120
확인했습니다,5121
과학용어로,5122
정답이,5123
추가하면,5124
따르면,5125
논에,5126
전부를,5127
탄창과,5128
받아들여,5129
연구단의,5130
공학,5131
홈페이지에,5132
지지하고,5133
"""아름다움과",5134
원래대로,5135
듣기도,5136
기로에,5137
취리히대가,5138
주기를,5139
그들은,5140
넣어,5141
명왕성을,5142
현,5143
필요하다,5144
착륙시킨,5145
급사하는,5146
인해,5147
안전장치,5148
도달한다,5149
개발했던,5150
왔다갔다하는,5151
대부분”이라며,5152
프로젝트,5153
독특한,5154
줄기와,5155
포함),5156
머신러닝의,5157
말하면,5158
산성도가,5159
태양전지처럼,5160
증명했다,5161
않는다는,5162
발전이,5163
용기와,5164
누적,5165
"쓰이지만,",5166
연구소(Wyss,5167
"""정확한",5168
탐지하는,5169
이벤트,5170
결과,5171
파장에서는,5172
하플로그룹은,5173
에너지,5174
예술,5175
없이는,5176
도달한,5177
기계장치를,5178
Arabidopsis,5179
연구소를,5180
암세포가,5181
칩세트를,5182
이중,5183
과학자들이,5184
자체,5185
해봐야,5186
정책에서,5187
관측하기는,5188
다른,5189
S를,5190
학습이,5191
때도,5192
네덜란드,5193
분석하고,5194
변신할,5195
온라인판에,5196
제임스,5197
대기에,5198
5월의,5199
무질서,5200
필요성에,5201
테슬라가,5202
항상,5203
성공률을,5204
우주선에,5205
돈벌이가,5206
후보단어를,5207
들어간다고,5208
비유했다,5209
개발해서,5210
제어할,5211
"""AI는",5212
반도체·통신,5213
적용되는지는,5214
깜박여야,5215
지배했던,5216
알아챘다,5217
출신인,5218
살아남은,5219
"지금,",5220
주인이,5221
"높았다""고",5222
감시를,5223
상당한,5224
소자를,5225
내기,5226
구체적으로,5227
꼽았다,5228
평가를,5229
Z작전>은,5230
꼽힌다,5231
자손일,5232
가능하게,5233
우수한,5234
‘랩터’,5235
거리,5236
스마트폰은,5237
극동아시아,5238
여가부터,5239
"런던대,",5240
함께,5241
수상자로,5242
때까지,5243
변화로,5244
사람들은,5245
7일,5246
노벨,5247
라이드'는,5248
38%,5249
'인공,5250
자성도,5251
1의,5252
가위(CRISPR-Cas9)가,5253
뇌종양,5254
3분,5255
멋진,5256
'달'이,5257
계보의,5258
"접고,",5259
저하시킬,5260
심장에,5261
사회과학,5262
하게,5263
시리(Siri)를,5264
가지는,5265
많았고,5266
to,5267
방식과,5268
모드에서는,5269
처음에는,5270
소개된,5271
질량,5272
분화됐다가,5273
한방울,5274
플러스,5275
피막,5276
막강한,5277
엠블럼처럼,5278
"황금군단,",5279
75%의,5280
전지를,5281
발현이,5282
저공,5283
음료를,5284
외장재,5285
밀도,5286
학연을,5287
'정답'만을,5288
관찰하는데,5289
겹쳐진다,5290
작은달보다,5291
폰툰은,5292
1분,5293
해칠,5294
앞에서는,5295
변환하고,5296
그대로,5297
아프리카발톱개구리와,5298
천체에,5299
리뷰에서는,5300
주최자,5301
25억,5302
사진에,5303
가능하다,5304
고도,5305
부추겼다,5306
수준으로,5307
수동적으로,5308
공존,5309
외쳐봐야,5310
현대인은,5311
끊겼다고,5312
때문이라고,5313
KAIST,5314
원격지,5315
2011~2015학년도,5316
인물이다,5317
Y와,5318
두려워하지,5319
‘늘’이라는,5320
우리나라의,5321
신호는,5322
타격을,5323
상염색체,5324
레이스,5325
형제,5326
찾아내…폐암,5327
소두증을,5328
디자인도,5329
"약으로,",5330
비중이,5331
가까워진,5332
응용하면,5333
올해,5334
서피스,5335
시기에,5336
치료에서,5337
조작과,5338
분야를,5339
직접,5340
변화(운전대의,5341
폐의,5342
연구교수와,5343
1.5배이면서도,5344
DB를,5345
반응,5346
중국과,5347
화학반응을,5348
위주의,5349
강조하지만,5350
"알리고,",5351
태양,5352
것과,5353
6천km,5354
놀랄,5355
자동차를,5356
전기를,5357
미래창조과학부가,5358
있는속도,5359
피해자의,5360
비극적인,5361
작동되고,5362
내렸다”고,5363
"중국과학기술원,",5364
이용했다,5365
Family,5366
여성의,5367
플렉서블,5368
원숭이들이,5369
오면,5370
주었습니다,5371
실패한,5372
작아지며,5373
설계했다,5374
토머스,5375
설명이다,5376
속하는,5377
엔지니어가,5378
기획재정부·지식경제부,5379
역사상,5380
30%,5381
종류와,5382
불평등,5383
어디에,5384
역할을,5385
지자기적,5386
토론이,5387
남미,5388
하플로그룹을,5389
고환은,5390
“사람에게도,5391
과학기술정책연구원(STEPI)이,5392
사장의,5393
견디지,5394
편집하는,5395
무게가,5396
기계항공공학부,5397
데이터와,5398
경찰관들이,5399
피부에,5400
주상훈,5401
크기에서,5402
지구상의,5403
언어능력,5404
움직임을,5405
IBM,5406
자연스레,5407
등,5408
과실을,5409
못했기,5410
데는,5411
오명돈,5412
다만,5413
5년씩,5414
한국인·중국인·일본인들의,5415
비용의,5416
파동에너지를,5417
‘팬텀4’는,5418
물리학을,5419
"사용되었으며,",5420
떠나,5421
폐쇄성,5422
안전성을,5423
1명에,5424
이에,5425
증거입니다.”라고,5426
전달,5427
걷는,5428
아태지역,5429
딘,5430
압박만으로도,5431
적용한,5432
사기를,5433
곳으로,5434
질문에,5435
러시아(구소련,5436
알아야,5437
있다는,5438
당연히,5439
단위로,5440
탈출할,5441
올렸다,5442
한국에서,5443
허브(조절,5444
바이오마커(단백질이나,5445
"Tech),",5446
박소정,5447
확보했습니다,5448
트랙’,5449
Mongol,5450
이용한다”고,5451
수집하고,5452
알츠하이머병,5453
일러스트는,5454
`기초연구,5455
채널을,5456
나아가,5457
마치,5458
측정법을,5459
배출할,5460
구현할,5461
절단효소로,5462
놀랄만,5463
외연을,5464
칸의,5465
위치한,5466
"꼽히지만,",5467
실·국장급,5468
"영상,",5469
알츠하이머에,5470
장치로,5471
입자에,5472
물리적,5473
과제에,5474
연세대학교,5475
"""폐암을",5476
유발한다고,5477
교육,5478
수상한,5479
구텐베르크(1452년,5480
촬영한,5481
이후에는,5482
몸담고,5483
골반골,5484
전자기파가,5485
듣기에,5486
산소,5487
발표됐다,5488
진행,5489
보여주고,5490
명왕성과,5491
통계방식을,5492
수년간의,5493
선정했다고,5494
웨건의,5495
“이들은,5496
권,5497
음파,5498
·제작은,5499
"가상,",5500
바탕이,5501
심태섭(사진),5502
방향에서,5503
소금을,5504
성과도,5505
이들은,5506
영장류를,5507
낼,5508
아는,5509
2일,5510
한국과학기술회관에서,5511
가득,5512
끼치기,5513
슈퍼컴퓨터와,5514
분리해,5515
쥐는,5516
마지막엔,5517
탔다,5518
laevis)'의,5519
제기된다,5520
효율이,5521
리카이푸(李開復),5522
년간,5523
새턴5가,5524
시연했다,5525
7개국,5526
조작은,5527
없이,5528
토목·건축,5529
침습,5530
증폭시켜,5531
기반의,5532
부분월식으로,5533
시간에,5534
자연물질이,5535
천체,5536
LG전자도,5537
UNIST(울산과학기술원),5538
풀지,5539
등과,5540
“AI,5541
방부,5542
UNIST(울산과학기술원)는,5543
"것이었고,",5544
나누는,5545
교수가,5546
"신호전달,",5547
고통을,5548
생명을,5549
패턴이,5550
행동은,5551
고고인류학적,5552
이세돌,5553
하사비스,5554
노선표를,5555
슈퍼문은,5556
살았다,5557
“지금은,5558
뿌리까지,5559
축적이,5560
무게는,5561
곧,5562
초원,5563
구성한,5564
달은,5565
많지,5566
지난해부터,5567
융합해,5568
강선웅·김기석,5569
배체수,5570
세라다카피바라,5571
많다는,5572
시장은,5573
쥐,5574
핵산염기,5575
수준의,5576
때문에,5577
밝혔다,5578
원숭이들은,5579
1988년형,5580
때문이다,5581
지상부의,5582
내려앉은,5583
수준인,5584
감염내과,5585
11월2일자(우리나라,5586
발생했을,5587
인사를,5588
노선도를,5589
600억원,5590
4엽,5591
작용하기에,5592
20%의,5593
호흡과,5594
“동물,5595
“기초연구,5596
내에,5597
염색체를,5598
자동차의,5599
들어섰다,5600
태아에게,5601
사업의,5602
값으로,5603
그룹을,5604
조절됨을,5605
화석을,5606
상하좌우,5607
이직·업무,5608
아니면,5609
[아시아경제,5610
저장할,5611
적용,5612
보이기,5613
조절하는,5614
'무감독시험'도,5615
건국대,5616
인식해,5617
돌아갈,5618
여가를,5619
장애물이나,5620
구분해내는,5621
‘행성,5622
충돌을,5623
조금,5624
뿌리에,5625
음성,5626
시험문제를,5627
HY5,5628
염기,5629
혈관내벽,5630
'몽골,5631
2013년에는,5632
효과적,5633
복잡성은,5634
"만큼,",5635
학술지인,5636
구동이,5637
뒤에는,5638
배터리보다,5639
동원됐다,5640
스키아파렐리는,5641
매체를,5642
◇개기일식은,5643
와이어,5644
이동,5645
메타물질이다,5646
시뮬레이션,5647
메디컬,5648
치매’로,5649
마이크로소프트연구소,5650
먼저,5651
수집한,5652
동부에,5653
명의,5654
고양이,5655
14%,5656
분당,5657
이뤄졌다,5658
분리돼,5659
관찰하던,5660
데이터는,5661
"가져왔고,",5662
전자기파,5663
메모리만을,5664
다양한,5665
"KIST(한국과학기술연구원),",5666
저쪽에서는,5667
표적항암제로,5668
유재원씨(가운데)가,5669
하려면,5670
관다발을,5671
줏대가,5672
"많고,",5673
최고경영자(CEO)가,5674
섞은,5675
망각형,5676
정부의,5677
해야,5678
인다,5679
설정할,5680
사람만,5681
"""찰스",5682
놓치면,5683
때가,5684
극복한,5685
촬영해,5686
신경컴퓨터(DNC)’라는,5687
회사는,5688
60명이,5689
연구개발을,5690
기초과학은,5691
연구단,5692
이상한,5693
판별하는,5694
확인됐다,5695
제프,5696
알로이스,5697
210,5698
세계보건기구(WHO)와,5699
소유스,5700
물든,5701
줄기의,5702
향상된,5703
구체적인,5704
3명이,5705
늦더라도,5706
가졌다,5707
넘으려,5708
있으니,5709
보즈먼은,5710
덧붙이는,5711
교수는,5712
이끄는,5713
태양의,5714
조종을,5715
국가혁신시스템에서,5716
테마,5717
애플,5718
일정한,5719
오리지널'로,5720
열리는,5721
‘과학,5722
조합으로,5723
내구성이,5724
21개,5725
물체에,5726
최만수,5727
도면에는,5728
유명,5729
남성은,5730
낮다고,5731
고인골이,5732
‘DNN(Deep,5733
대해서는,5734
단위인,5735
가보지,5736
유전자들을,5737
기기의,5738
TaihuLight)를,5739
뒷좌석에,5740
해변에서,5741
감소시킴을,5742
"과학기술부,",5743
기능이,5744
물체의,5745
도덕이나,5746
세포,5747
관측하는,5748
토성-달,5749
지표로,5750
궤도가,5751
여기까지는,5752
카이스트,5753
외부적으로,5754
회의,5755
경고해,5756
실험한다,5757
도달하기,5758
되어야,5759
분류해,5760
최소,5761
의미한다,5762
원나라의,5763
기기에,5764
조종사의,5765
시켰다,5766
인식이,5767
"반도체,",5768
트랙터,5769
AI·로봇·사물,5770
덜,5771
멀티스케일,5772
이르면,5773
"뒤에,",5774
"""기계-인간",5775
"빅데이터,",5776
수집하는,5777
기회다,5778
콘퍼런스를,5779
가까워지면서,5780
24시간,5781
백금을,5782
발생한다고,5783
관측할,5784
기둥이나,5785
활용했다,5786
일으킨다고,5787
"RNA,",5788
신물질,5789
“다만,5790
가격이,5791
모양,5792
돌변해도,5793
연구자들의,5794
경상,5795
"진동,",5796
효과가,5797
불과하다,5798
물질의,5799
"사이토신(C),",5800
반으로,5801
기초,5802
1월,5803
알려져,5804
면적,5805
자잘한,5806
개발에도,5807
D.C.의,5808
칩에,5809
예가,5810
실험에서,5811
"있는데,",5812
아리스토텔레스는,5813
뇌경색,5814
"제공한다면,",5815
요소를,5816
100%,5817
분포돼,5818
순으로,5819
정상폐와,5820
총으로,5821
이창환,5822
주기적으로,5823
마비에,5824
탄소원자로,5825
출원했다,5826
‘머신러닝’,5827
플라이,5828
구현했다”이라며,5829
예로,5830
청사진이,5831
가르쳐야,5832
진행했다,5833
연결하면,5834
저렴한,5835
호의,5836
스미스,5837
프로그램의,5838
매운,5839
“슈퍼컴퓨터,5840
앨런,5841
한국,5842
영역의,5843
학습시켰다,5844
취해,5845
침팬지는,5846
연구팀은,5847
노선은,5848
실려,5849
비판했다,5850
a,5851
12개,5852
업무에,5853
시도했다,5854
하이드로젤,5855
착륙할,5856
제공하지,5857
연성재질,5858
세포의,5859
심장감시장치,5860
설문,5861
연기가,5862
생명체,5863
깊이를,5864
경찰을,5865
현실을,5866
구글,5867
도중,5868
신촌,5869
쌍씩,5870
때는,5871
자성(磁性)을,5872
업계에선,5873
싸여,5874
자동차에,5875
결정을,5876
질문이,5877
교수(울산=연합뉴스),5878
사용되다가,5879
학문·분야,5880
적을,5881
인쇄업을,5882
단순화하면서,5883
실어,5884
성과가,5885
수분,5886
나타나는지는,5887
가까워진다,5888
애플이,5889
추적할,5890
"효율화하고,",5891
지능을,5892
강하게,5893
변화가,5894
시스템으로,5895
뇌는,5896
추출하고,5897
토양,5898
모두,5899
과정을,5900
개량형,5901
묶는,5902
심부담이,5903
다르다는,5904
2002년형,5905
되는데,5906
값,5907
치료제를,5908
현실,5909
단백질들을,5910
양을,5911
밸브로,5912
보다,5913
둘,5914
2배체로,5915
구름,5916
맞닥뜨릴,5917
자동으로,5918
비전을,5919
새롭게,5920
디자인은,5921
1억3300만,5922
구조인,5923
"7,000회로",5924
고려하지,5925
염색체상,5926
움직임,5927
도입하면,5928
5만원이,5929
"""AI와",5930
두,5931
경보음이,5932
개선해야,5933
자율이,5934
질문만,5935
유전자에,5936
어느,5937
나타낸,5938
바닥에,5939
덮여있어,5940
그렇지,5941
검증에,5942
다리로,5943
때나,5944
자생력을,5945
APC/C는,5946
가능해졌다,5947
해당한다,5948
중에서도,5949
것이어서,5950
조직인,5951
박충모,5952
160명이,5953
기둥이,5954
작고,5955
가임력을,5956
메타는,5957
자동,5958
때면,5959
‘허(Her·2014)’에서,5960
하죠.”,5961
"△디자인,",5962
카푸친,5963
맞춤형,5964
미치는,5965
일원일,5966
정보통신기술(ICT),5967
27A,5968
휘어,5969
개발을,5970
특허,5971
동료들과,5972
번개가,5973
귀금속인,5974
배아가,5975
산지,5976
초(超)분자로,5977
보내오는,5978
증상이,5979
저자인,5980
DNA는,5981
13명(48%)이,5982
체계를,5983
결과는,5984
이틀간,5985
미국,5986
퍼져,5987
삼성전자의,5988
한다”면서,5989
울란바토르에서,5990
달린,5991
연구조직을,5992
바꾸기가,5993
유씨가,5994
자매지인,5995
있다.지난,5996
원격,5997
줄이기,5998
고효율,5999
기계공학에,6000
아이디어는,6001
1만2500km미터까지,6002
생성,6003
황금씨족과,6004
고인골과,6005
"것이다""고",6006
장점과,6007
발전하는,6008
통틀어,6009
신경망에서,6010
'컨트롤,6011
줘,6012
식물체를,6013
과제는,6014
졸업자들이,6015
“기술이,6016
금·티타늄,6017
요소로,6018
맘,6019
합류했다,6020
"""구글,",6021
바꾼,6022
작동하지,6023
"전자기파(광학),",6024
소재를,6025
관련된,6026
전사인자는,6027
관여하는,6028
실제로,6029
19일부터,6030
사냥하는,6031
연잎처럼,6032
확인했다,6033
폐기처분을,6034
삶을,6035
2단으로,6036
러시아와,6037
"가능하다""면서",6038
부분을,6039
암에도,6040
과학동아,6041
5일간,6042
메타물질을,6043
지역에서,6044
실험,6045
<전격,6046
효소,6047
공석)이었지만,6048
패러세일링,6049
13일,6050
처치에서,6051
합쳐,6052
의자를,6053
탐험하지,6054
학부,6055
노벨상을,6056
음운마다,6057
알지,6058
참여했던,6059
종종,6060
보름달(4월,6061
없거나,6062
함께한,6063
만드는데는,6064
전기장을,6065
고대,6066
자료,6067
땅으로,6068
(왼쪽),6069
통과시켜,6070
"정자수,",6071
회사들과,6072
부분이다,6073
노르웨이,6074
'아시아,6075
이용해,6076
의사,6077
사람보다,6078
"중앙아시아,",6079
이용자가,6080
연간,6081
변화에,6082
IBM의,6083
개발,6084
연결,6085
나아간다,6086
시대'를,6087
가능하다고,6088
전처리에서는,6089
상용,6090
고차원적,6091
접근에,6092
3체와,6093
응대에,6094
길을,6095
뇌에,6096
확인,6097
시너지를,6098
장비나,6099
하이브리드,6100
따로,6101
이어,6102
"안경,",6103
"연구진,",6104
특정한,6105
망치를,6106
동영상이,6107
‘알츠하이머병’과,6108
전기차와,6109
극동아시아에,6110
과정이,6111
신호등이,6112
MU69로,6113
이미지는,6114
만나,6115
때마다,6116
과정,6117
생존을,6118
고등학생까지의,6119
비교해,6120
운전석에,6121
그것을,6122
'21세기,6123
투자하는,6124
전달되도록,6125
구조체의,6126
완벽하지는,6127
찰스,6128
김영수,6129
다쿠야,6130
생식세포인,6131
머리카락색이,6132
자기장이,6133
정작,6134
운전하는,6135
진단과,6136
추석,6137
이어졌다,6138
합성되기,6139
‘외날도끼’,6140
프로톤,6141
단단한,6142
기존,6143
콘돔을,6144
전망도,6145
숨은,6146
코카서스,6147
태양전지를,6148
부착돼,6149
운용하는,6150
메탄가스를,6151
벽을,6152
산불,6153
내비게이션·채팅봇,6154
해독은,6155
회사들도,6156
부드럽게,6157
물만을,6158
올랜도에서,6159
매질보다,6160
손실,6161
전자기기에도,6162
최근에는,6163
이루는,6164
생성했다,6165
배우고,6166
마이너스,6167
"연구단),",6168
드론에,6169
특성,6170
우주,6171
수중에,6172
운반선은,6173
있었다,6174
없게,6175
Symposium,6176
비행을,6177
비판의,6178
68년만에,6179
비행기에,6180
뇌의,6181
벨트트,6182
방식도,6183
결과물이,6184
떠,6185
사진을,6186
"확인됐다""고",6187
사용하고,6188
서울경제신문과의,6189
원시,6190
지식을,6191
Architecture),6192
설명한다,6193
2015년,6194
"골자…""자기",6195
11건과,6196
만들면서,6197
달러(약,6198
노동자가,6199
황금반지,6200
꾸준히,6201
보즈먼과,6202
가계(일명,6203
2016'에서,6204
탐침이,6205
셀,6206
고온에서,6207
어렵다”고,6208
혈액채취와,6209
"18번째로,",6210
좋은,6211
'우연히,6212
부패가,6213
주에서,6214
표지를,6215
또한,6216
두루마리,6217
분야,6218
내놓아,6219
모으고,6220
아바타가,6221
묘사한,6222
논문으로,6223
찾아,6224
오토파일럿과,6225
“다른,6226
발견한,6227
칩’(airway,6228
에너지의,6229
기기는,6230
시작하면서,6231
헛것을,6232
발견은,6233
일어난다,6234
신경,6235
궤도를,6236
‘사진,6237
"분사기,",6238
바라고,6239
개인주의를,6240
밝혀냈습니다,6241
시대,6242
태아의,6243
수치도,6244
보이는,6245
단백질인,6246
추진하지,6247
중의,6248
기반,6249
예고하며,6250
‘엑소마스(EXoMars)’의,6251
소망담아,6252
탐구했다,6253
개발돼야,6254
액상,6255
대학과,6256
시절,6257
MS-01의,6258
보장해줘야,6259
서비스하면서,6260
‘한국형,6261
고인골들과,6262
내지,6263
가계,6264
전혀,6265
"해""",6266
폐암을,6267
기계공학과,6268
인텔,6269
기초과학,6270
"3,101달러에",6271
이때는,6272
연구로,6273
'기동전사,6274
<상>,6275
도입된다고,6276
"1,000명을",6277
온라인,6278
악화시킬,6279
모니터링,6280
돌아오게,6281
꽂혀,6282
멀리서도,6283
정보로,6284
나쁘게,6285
민주화를,6286
자료도,6287
대상,6288
태양을,6289
가르치는,6290
가닥일,6291
안의,6292
우주정거장에서,6293
"것,",6294
수가,6295
통한,6296
부회장)은,6297
처리하는데,6298
일임하지,6299
알츠하이머병입니다,6300
‘스마트폰이,6301
분야에,6302
조직과,6303
"같지만,",6304
기대하기,6305
"게재…""전기차",6306
ONE),6307
수증기,6308
홀'은,6309
투자를,6310
"T,",6311
신호가,6312
‘가스추적궤도선’(TGO)에서,6313
확률(약,6314
과녁,6315
놓고,6316
과학기술혁신,6317
외부,6318
가는,6319
핵심(Core),6320
가정해,6321
phytochrome,6322
모터가,6323
뒤를,6324
나온다,6325
형성에,6326
결론은,6327
"진행됐으며,",6328
`슈퍼컴퓨터`란,6329
USE1의,6330
앓고,6331
질적으로,6332
수행할,6333
드론으로,6334
종양,6335
조종사,6336
인한,6337
구강·구강,6338
교수팀의,6339
묻혀,6340
대사,6341
권고하고,6342
남아있었다,6343
"있는,",6344
“얼굴에서는,6345
유전체를,6346
5명,6347
대표적이다,6348
전사인자를,6349
사용한다,6350
“카푸친,6351
컴퓨터나,6352
하늘에,6353
캘리포니아,6354
신생,6355
정보기술의,6356
승무원,6357
이는,6358
실험이므로,6359
오오카와라는,6360
등을,6361
한정되므로,6362
나서,6363
지하철,6364
몸무게,6365
환부에,6366
놓치고,6367
분야의,6368
“사람,6369
한국인은,6370
'사이언스,6371
항공우주국(NASA)의,6372
근본적,6373
탐지,6374
윤곽을,6375
일할,6376
고용,6377
뇌와,6378
3명은,6379
출신,6380
폐암환자의,6381
흙속에,6382
펜실베니아,6383
배열,6384
쥐에서,6385
또는,6386
인공지능에,6387
미시,6388
"참전했고,",6389
개씩,6390
"음향학,",6391
목소리를,6392
만들어낸,6393
없다는,6394
기술들은,6395
박배호,6396
접는,6397
삼는,6398
빨아들이는,6399
기기도,6400
방식이다,6401
영화에서,6402
빨리,6403
2∼3과목을,6404
쓸,6405
국내,6406
명중된,6407
전문가들에게,6408
인식기술”이라며,6409
구멍을,6410
생산을,6411
기업,6412
축적됐다가,6413
사물의,6414
대책을,6415
산악구조대,6416
자주,6417
내외로,6418
레이스콥터는,6419
피할,6420
밤하늘에,6421
변형하는,6422
베타아밀로이드를,6423
담배,6424
시스템을,6425
정확도보다,6426
로봇이다,6427
한국공학교육인증원,6428
일상,6429
"것으로,",6430
나간다,6431
족사,6432
보인다”고,6433
수소를,6434
개발한다는,6435
통상적으로,6436
규명했다고,6437
세포주기,6438
과제로는,6439
단,6440
의료기기들과,6441
추천받아,6442
거라는,6443
라이드',6444
시간에는,6445
걸을,6446
좋게,6447
성능을,6448
광고를,6449
치매가,6450
발견됐다,6451
같다는,6452
'누구',6453
현시점에서,6454
현실화,6455
사라질지,6456
숨기려는,6457
주는,6458
기계를,6459
"있다""면서",6460
테슬라,6461
예컨대,6462
학과에서,6463
아이디어뿐,6464
속에서,6465
지혈을,6466
세포가,6467
있도록,6468
전환을,6469
"""자기전기",6470
식물에서,6471
추가,6472
엔즐리는,6473
널리,6474
다할,6475
일본과,6476
부근에서,6477
염색체,6478
배워야,6479
조달용으로,6480
폐암에,6481
바이,6482
전자담배에,6483
10명,6484
로택산은,6485
나옵니다.”(유룡,6486
알파고가,6487
기술이,6488
얼굴에,6489
빠른,6490
사이,6491
이유다,6492
발전할,6493
'쥐꼬리,6494
"중국인,",6495
카메라를,6496
점은,6497
촬영된,6498
딥러닝,6499
마커로서,6500
개발하겠다는,6501
'표적'으로,6502
방향이,6503
의미합니다,6504
사로잡히거나,6505
시냅스뇌질환연구단이,6506
주사에,6507
엑스레이로,6508
원래,6509
문제를,6510
발사체기술개발단장은,6511
조성돼야,6512
저자로,6513
복원에,6514
했고,6515
스트론튬,6516
발현양이,6517
돌고,6518
가려진다,6519
밝힌,6520
"된다면,",6521
신청서의,6522
폐질환(COPD)과,6523
자기전기,6524
네트워크,6525
경우를,6526
확고해졌다,6527
이상인,6528
“나노로봇은,6529
명령,6530
찾아간다,6531
"127만명,",6532
처음,6533
스페이스X는,6534
"음(-)굴절,",6535
중국도,6536
성공했다,6537
Labs)를,6538
IO와,6539
쓴소리를,6540
고작이다,6541
나선,6542
중국인들,6543
얼리,6544
메커니즘,6545
젠가를,6546
빛으로,6547
연예산을,6548
시연하는,6549
바깥쪽,6550
얼굴은,6551
전쟁이,6552
맡겼다,6553
"정부,",6554
‘사만다’가,6555
영역에서,6556
비명',6557
"있지만,",6558
임무를,6559
시즌이,6560
귀처럼,6561
학습하고,6562
염용해식각법이란,6563
“정부가,6564
헬리콥터의,6565
:,6566
드론은,6567
받는,6568
유지하기,6569
몰리고,6570
위원회는,6571
홍합이,6572
적용할,6573
“이를,6574
파장이,6575
글로벌프런티어사업의,6576
논문을,6577
어려워,6578
분포하는,6579
빨간색과,6580
흡수된,6581
내세운,6582
피격된,6583
헬리콥터와,6584
우리는,6585
줄기,6586
극저온이나,6587
갖고는,6588
수행해야,6589
엔트로피,6590
3세대,6591
드론,6592
'주기적,6593
회사와,6594
자리에,6595
지적이,6596
페로브스카이트,6597
전체가,6598
교수팀에,6599
발자국을,6600
“메타,6601
코팅해,6602
화석으로,6603
정도,6604
이루어진,6605
제작,6606
강조되면서,6607
출력,6608
극저온·초고진공,6609
존재한다`는,6610
화면을,6611
가격은,6612
스마트폰과,6613
꽂을,6614
전략이,6615
메모리,6616
115일,6617
노동자들이,6618
때와,6619
&,6620
장비,6621
고인골은,6622
쏟는,6623
위치로,6624
일종)을,6625
수상했다,6626
예산은,6627
부사장,6628
‘호미니드(사람과,6629
효과를,6630
들었을까?,6631
지혈,6632
A는,6633
관한,6634
부가,6635
일각에서,6636
촉매를,6637
윤택하게,6638
합니다,6639
기업이,6640
획득할,6641
되므로,6642
조절해,6643
보도했다,6644
그림을,6645
주목해,6646
주변,6647
노동시간부터,6648
교육을,6649
유럽이,6650
프로젝트에서,6651
조회수가,6652
"광학,",6653
유전적,6654
한꺼번에,6655
딥마인드,6656
환자들에게,6657
연결되어,6658
얻는,6659
있었기,6660
지식주체로서,6661
고인골에,6662
안전은,6663
근육,6664
사이즈를,6665
일련의,6666
변화시키는,6667
NASA가,6668
인지하지,6669
`소유스,6670
메커니즘이,6671
자연어,6672
생긴다,6673
날아다닌다,6674
천문학자에게,6675
분자고고학적,6676
원숭이들을,6677
음성인식(전처리)→자연어(일상,6678
“젊은이들은,6679
전했다,6680
프레이저,6681
선진국의,6682
분위기가,6683
비춰,6684
행동과,6685
대거,6686
변화,6687
250만,6688
"하지만,",6689
3m만,6690
단단히,6691
“음성인식은,6692
달리한다,6693
점점,6694
기여할,6695
알파고’,6696
면)에,6697
읽게,6698
법의학,6699
공급하는,6700
의학교수인,6701
맞게,6702
연구자를,6703
2개,6704
아무리,6705
이룬,6706
15일,6707
=,6708
1년에,6709
전문적,6710
투과되게,6711
게임의,6712
모네가,6713
직후,6714
표적으로,6715
있던,6716
안전한,6717
분석이,6718
어울리는,6719
전기장,6720
장치를,6721
그것과,6722
자리하는,6723
상용화에,6724
TGCCGAT,6725
현실성이,6726
네이처에,6727
사는,6728
투자해야,6729
가위보다,6730
원리는,6731
로봇의,6732
손을,6733
"시간,",6734
이뤄지면,6735
약,6736
피아우이주(州)의,6737
협동연구소,6738
개선돼야,6739
기자,6740
전제인,6741
자신만의,6742
공간에,6743
타이어나,6744
표본이,6745
수행했다,6746
인식능력을,6747
3t,6748
존,6749
등으로,6750
나오기,6751
자폐가,6752
이어붙여,6753
능력이,6754
나사는,6755
된,6756
쇼케이스에서,6757
시스템(LAS)이,6758
활성점이,6759
응답자,6760
나눈다,6761
진단이,6762
곳과,6763
고인골들은,6764
거의,6765
관찰되는,6766
'탐험,6767
슬랙,6768
과학기술,6769
선택했다,6770
대체,6771
설계하는,6772
파장,6773
한다”고,6774
빛에너지를,6775
표면이,6776
통과하기,6777
합니다.”슬랙,6778
얼음,6779
인터뷰에서,6780
있을까,6781
않습니다,6782
일'이란,6783
쉽다는,6784
독일,6785
도구와,6786
필요없다,6787
걸지,6788
썼다는,6789
교체,6790
영역이라고,6791
의학적으로,6792
동부,6793
트레일러를,6794
목표로,6795
꼽아달라는,6796
하나의,6797
가려질,6798
2014,6799
컴퓨터가,6800
물려받는,6801
“현재,6802
동물에게서,6803
변환해주는,6804
지나가는,6805
코끼리와,6806
뛰어넘었다,6807
분석을,6808
생존,6809
분야에만,6810
연구는,6811
공감했다,6812
‘워싱턴,6813
AI)을,6814
찾을,6815
신뢰도와,6816
급박하게,6817
건축물의,6818
연구진은,6819
나사의,6820
보고,6821
이성희,6822
중단했다,6823
티탄산스트론튬,6824
미끄러진다,6825
누구도,6826
폰툰을,6827
"저렴하면서도,",6828
주행가능한,6829
결합하는,6830
센서를,6831
“이번,6832
‘베루베세스타트’,6833
당시,6834
폐질환이,6835
못한다”며,6836
염기간,6837
출발할,6838
몽골,6839
정확도로,6840
부처의,6841
기능도,6842
기조연설하는,6843
긍정적,6844
결정하기,6845
이광호,6846
항공기)을,6847
요소가,6848
방법과,6849
초기,6850
그렇다면,6851
출신은,6852
4명이,6853
‘나선형,6854
과발현하는,6855
사실이,6856
등산로,6857
"참여,",6858
환부를,6859
황족,6860
물성을,6861
나노테크놀로지’에,6862
일하는,6863
물질이,6864
충분한,6865
14일(현지시간),6866
안정적인,6867
정책에,6868
Genealogy,6869
펴진다’는,6870
픽셀이었다고,6871
정책이,6872
기록한,6873
"고분자,",6874
개별,6875
13명의,6876
찾게,6877
마련해야,6878
인식하게,6879
해독했다,6880
다윈은,6881
과정입니다.”,6882
치는,6883
뿌리는,6884
든다,6885
개선하는,6886
연구결과를,6887
가까워지긴,6888
제어가,6889
설정,6890
민주화가,6891
부담,6892
시장에서,6893
1962년,6894
서로,6895
첨단과학기술은,6896
‘슈팅스타(Shooting,6897
조만간,6898
떨어뜨리고,6899
‘사교육,6900
필수이다,6901
인지해,6902
한국인,6903
정보가,6904
결정한다,6905
필요시,6906
밴,6907
실험적으로,6908
37%,6909
그리스,6910
세기관지,6911
외국에서도,6912
"아닌,",6913
관찰을,6914
중간,6915
멕시코,6916
사물을,6917
강의,6918
집속,6919
“정상,6920
5년을,6921
운영체제(OS),6922
전자정부를,6923
교수와,6924
결정해야,6925
물리학과,6926
"9명(32%),",6927
천착하는,6928
구동하는,6929
나오는,6930
'어른,6931
귀환,6932
마이크를,6933
비해,6934
"집속,",6935
약해,6936
배짱을,6937
연구만,6938
흡연로봇은,6939
싶어,6940
손쉽게,6941
퇴역해,6942
채우는,6943
있는지를,6944
픽션일,6945
정액,6946
MS-01`을,6947
"칸국,",6948
비롯해,6949
쓰면서,6950
동물의,6951
"만족한다""고",6952
물건들이,6953
"매뉴얼,",6954
뚫고,6955
붙었다,6956
꼴로,6957
리튬이온보다,6958
동작(motion)의,6959
제어하는,6960
계획이다,6961
문제가,6962
기조연설을,6963
구분한다는,6964
"질소,",6965
집적도의,6966
이미지에서,6967
공통,6968
갑작스럽게,6969
찾는다’는,6970
용량이,6971
알려졌다,6972
특허청에,6973
역할도,6974
플로리다의,6975
만족스러울,6976
"""노벨상을",6977
탄소원자를,6978
우리,6979
모양의,6980
센터의,6981
사고까지,6982
데이터를,6983
휴벨과,6984
"예상한다""며",6985
들어가기,6986
전기정보공학부,6987
조각까지,6988
"막았고,",6989
그래야,6990
볼보의,6991
전담,6992
지혈이,6993
그래서,6994
"의자,",6995
특별한,6996
미세,6997
비롯한,6998
학문에서도,6999
만들었을,7000
영역이다,7001
시각은,7002
“구류,7003
보여주는,7004
사이언스’,7005
수백건,7006
최소화시켜,7007
외과,7008
DNA-금,7009
with,7010
계산식을,7011
고혈압,7012
"""유연하고",7013
모방한,7014
어렵고,7015
반대로,7016
공동연구팀이,7017
지구가,7018
강,7019
MURI는,7020
30년간,7021
성질은,7022
성질을,7023
진행됐다,7024
하플로타입들의,7025
돌연변이를,7026
내의,7027
만성골수성백혈병,7028
집합체를,7029
인공,7030
나노레터,7031
창의적이고,7032
바이러스가,7033
아바타,7034
상파울루대,7035
나노로봇,7036
메탄을,7037
일례로,7038
성장을,7039
결정,7040
상황”이라고,7041
100×100,7042
계속적으로,7043
군사용,7044
수집되지,7045
나타내는,7046
동쪽,7047
인공지능의,7048
성균관대,7049
확인하기,7050
전처리시,7051
마력의,7052
발사한,7053
구조체를,7054
생각하면,7055
준비해,7056
21일(현지시각),7057
뛰어나,7058
박남규,7059
논리적인,7060
유형(R1b-M343의,7061
"중국,",7062
프로테아좀,7063
특징이다,7064
배출한,7065
내구성,7066
규명해,7067
수작업으로,7068
감시,7069
있었습니다.”고,7070
펜실베이니아대,7071
스마트,7072
못한,7073
보트에서,7074
워싱턴대,7075
4천800만년,7076
수컷의,7077
설계,7078
재현하면서도,7079
'이탈자',7080
손상복구에,7081
기원의,7082
"윗줄부터)중국인,",7083
토어스텐,7084
다,7085
산소를,7086
투명망토를,7087
당한,7088
차원을,7089
달이,7090
또,7091
보여준,7092
일반,7093
폐암에서의,7094
아래,7095
가정환경이나,7096
교수),7097
뿐,7098
톨고이,7099
데이터(해)를,7100
주장을,7101
독립적이고,7102
가구,7103
필요에,7104
산악지대에,7105
음력,7106
결정이,7107
공개했다,7108
모식도(왼쪽),7109
설립됐다,7110
보통,7111
자율주행,7112
개편이,7113
빙상장조차,7114
베타아밀로이드라는,7115
지정한,7116
설치한,7117
뇌조직,7118
20시,7119
발사체의,7120
돌기로,7121
과학자들에게,7122
지난달,7123
판도가,7124
tumorigenesis)에,7125
“수컷,7126
임상실험에,7127
합성법을,7128
"전망""",7129
'시리'·SKT,7130
독성이,7131
관심을,7132
"원씩,",7133
기계처럼,7134
닦는,7135
“뇌에서,7136
“테이저는,7137
확률은,7138
차가타이,7139
자연과학대학은,7140
일종인,7141
이들이,7142
리튬이온,7143
눈길을,7144
간의,7145
USE1,7146
조각낸,7147
적응할,7148
조지아공대(Georgia,7149
일식과,7150
떨어졌을,7151
출시된,7152
알츠하이머병처럼,7153
찼다,7154
1일,7155
개발했다고,7156
이겨,7157
조합,7158
공간의,7159
이용하면,7160
연구한,7161
자신을,7162
"""안정적인",7163
이미지에서는,7164
컴퓨터과학과,7165
인텔은,7166
범위의,7167
ESA,7168
과학기술처에서,7169
2020년,7170
06시,7171
가려지는,7172
주위로,7173
받고,7174
우주인은,7175
60명,7176
붉은색이,7177
갤럭시,7178
성공한다면,7179
미,7180
정상,7181
Genghis,7182
저지,7183
경희대,7184
우주기업,7185
기념해,7186
환자,7187
과정에서,7188
'실리카,7189
형성한다,7190
이들,7191
개,7192
2050년,7193
피우는,7194
많다,7195
컴퓨터처럼,7196
음성을,7197
만들고,7198
50,7199
인가를,7200
대립형질의,7201
가역적이며,7202
여건을,7203
준비를,7204
간격,7205
여성은,7206
서양발톱개구리를,7207
여기에는,7208
리포츠',7209
구할,7210
힌지가,7211
여성인,7212
C,7213
지능과,7214
2018년,7215
자연계에,7216
수준,7217
입력,7218
3일자,7219
6월부터,7220
지카바이러스가,7221
시스템에도,7222
진행된다,7223
지적했다,7224
2005년,7225
최고로,7226
유룡,7227
`부분적`이고,7228
11일,7229
무엇인지,7230
유리하다,7231
떼어낸,7232
옥스퍼드대,7233
우선,7234
(가운데),7235
큰,7236
놓은,7237
작업환경에,7238
26개,7239
측은,7240
오답률은,7241
돌을,7242
조립하는데,7243
밝혀진,7244
분야까지,7245
최적의,7246
데이터,7247
이론이다,7248
농작물,7249
경기에서,7250
뒷받침이,7251
카자흐스탄,7252
사례이기도,7253
브레이크를,7254
이용할,7255
치르는,7256
물을,7257
구현,7258
스스로,7259
가지로,7260
`스트리트뷰`라는,7261
정부,7262
같아서,7263
자신,7264
그가,7265
입력되는,7266
바위에서도,7267
터치다운을,7268
실험은,7269
쓰는,7270
기부하겠다는,7271
공동,7272
광수용체는,7273
"우주베크인,",7274
보아,7275
집속시켜,7276
지혈한다,7277
중심에,7278
여전히,7279
필요한,7280
낮출,7281
어른들이,7282
강철로,7283
자동적으로,7284
잇따라,7285
번째로,7286
Lee),7287
점차적으로,7288
완료한,7289
치매를,7290
"후,",7291
‘에어웨이,7292
"""지적",7293
없어요.”,7294
국가영장류센터,7295
서스펜션을,7296
쥐락펴락..연구비용배정,7297
외에,7298
"공급하고,",7299
황금씨족으로,7300
동력에,7301
이산화탄소를,7302
살았던,7303
바뀐,7304
피의자들을,7305
성공했으면,7306
서서히,7307
발견했습니다,7308
선도하려면,7309
의자에,7310
사이를,7311
주말에,7312
"경봉,",7313
"받아,",7314
FPGA를,7315
것이란,7316
선택한다,7317
시작한,7318
"링거,",7319
1명,7320
칩에다,7321
응용해,7322
끝나면,7323
탄,7324
기존의,7325
떠내려갔다,7326
"""AI의",7327
돌,7328
코팅되는,7329
재진입하는,7330
거겠죠.”,7331
동물,7332
모델에서도,7333
그리고,7334
언제쯤,7335
것이라고,7336
뛰어넘어,7337
이중나선구조를,7338
맞는,7339
정신과,7340
제,7341
신형,7342
돌연사가,7343
도입하는,7344
‘혈관성,7345
덕분에,7346
줄,7347
키트·신약,7348
고등학교에,7349
국정감사에서,7350
'루트-브레인(root-brain)',7351
위에,7352
"시장""이라고",7353
네트워크의,7354
포함될,7355
제이,7356
우주왕복선에,7357
발사,7358
이끌며,7359
기준),7360
평균,7361
발전기보다,7362
70%,7363
운동으로,7364
즈음,7365
발전은,7366
서울대병원,7367
잃어간,7368
가위를,7369
대처,7370
체포,7371
편,7372
본뜬,7373
3층짜리,7374
판명,7375
"양자역학,",7376
흡입된,7377
있는,7378
갈,7379
수십여,7380
경쟁이,7381
절대연대,7382
자체는,7383
자체평가했다,7384
발견하고,7385
기형,7386
자기장,7387
인수하고,7388
앞두고,7389
얘기도,7390
훈련하는,7391
원'에서,7392
모든,7393
것입니다.”,7394
마이크로소프트,7395
모계,7396
정자의,7397
손상을,7398
"G,",7399
빛이,7400
입는다고,7401
사망합니다,7402
뿐입니다,7403
있다,7404
공룡,7405
이밖에,7406
우리를,7407
풀어낼,7408
주기적,7409
숱이,7410
“0과,7411
모아지고,7412
하루빨리,7413
"내부구조,",7414
원자를,7415
결과이지,7416
교육과학기술부를,7417
분자생물학실험실(LMB)이,7418
곡면,7419
개기일식과,7420
제시됐습니다,7421
100배,7422
IBM에서,7423
보내진다,7424
최대,7425
가능,7426
처리할,7427
띄워주더군요.”,7428
밝혀졌다고,7429
드리운,7430
사용자들은,7431
하는데,7432
재료들을,7433
등장한,7434
곳은,7435
“오류가,7436
정보,7437
명령을,7438
트랙,7439
멀티,7440
만이다,7441
증가해도,7442
되지,7443
국립공원에,7444
이른,7445
16분이다,7446
‘미분가능,7447
쿼드콥터(quadcopter)이다,7448
촉매,7449
방문한,7450
언제나,7451
연료전지,7452
생장,7453
영역에,7454
음향,7455
표면에,7456
될지,7457
제작이,7458
연상된다,7459
그런,7460
알고리즘은,7461
접거나,7462
보름달을,7463
"않고,",7464
색상,7465
구성하려는,7466
상대적으로,7467
음성신호를,7468
부상이,7469
올해로,7470
주삿바늘의,7471
중앙대,7472
상호작용에,7473
하플로타입을,7474
거라고,7475
지평을,7476
파괴돼,7477
"끼쳐""",7478
역사가,7479
방법,7480
정밀,7481
이전에도,7482
쓰이지,7483
작아,7484
병기인,7485
사촌인지를,7486
콘퍼런스에,7487
마이크·스피커로,7488
식탁용,7489
방식에,7490
전기와,7491
혹은,7492
상호,7493
물질이다,7494
받았다,7495
신기술로,7496
길어,7497
대학의,7498
NASA와,7499
신기술,7500
테스트를,7501
학회(ISMAR,7502
밸리’,7503
국제,7504
‘RS-25’,7505
웨어러블,7506
자각증상이,7507
사고에서는,7508
내리게,7509
추출한,7510
이어진다,7511
잃어버렸다,7512
그림자에,7513
소프트뱅크,7514
전투기를,7515
출원했다고,7516
270개인,7517
엔진이,7518
준비하고,7519
세상에서,7520
"공진화""라고",7521
부분은,7522
미세로봇,7523
광합성은,7524
제조,7525
자유자재로,7526
주삿바늘이,7527
전송됐다,7528
때문이라는,7529
바꿔야,7530
개념을,7531
"카메라,",7532
인프라에,7533
차이,7534
둘레,7535
프로펠러를,7536
같지는,7537
"다르지만,",7538
9일(현지시간),7539
찾아냈다,7540
검은,7541
진행하면서,7542
기술에,7543
보강했다,7544
비난을,7545
전지가,7546
때다,7547
매우,7548
허황되지는,7549
가리기,7550
늘리지,7551
대처하는,7552
튜브),7553
하늘을,7554
장치의,7555
동일,7556
충전된,7557
운전대를,7558
구어체로,7559
"따르면,",7560
'엑스박스,7561
추정되는,7562
학습할,7563
특수부대,7564
기기와,7565
"한다""며",7566
"존재하며,",7567
않고,7568
아니라는,7569
"""이로",7570
"""수집한",7571
‘연못’은,7572
있어서,7573
화성에서,7574
4m이다,7575
단점이,7576
지을,7577
문제다,7578
질환이다,7579
장피에르,7580
하는지를,7581
"1조2,081억원으로",7582
발병률이,7583
승무원을,7584
수(배체수),7585
차량에,7586
않아야,7587
직접적으로,7588
동물보다,7589
예정인,7590
비교할,7591
이거보다는,7592
실업,7593
것이다,7594
방정식을,7595
슈퍼컴퓨터도,7596
인간은,7597
불꽃놀이가,7598
없기,7599
기판,7600
놓치지,7601
미친다,7602
융합은,7603
일으켰는지,7604
주파수,7605
좋다고,7606
이구아노돈,7607
중요합니다,7608
"카테터,",7609
꾸렸다고,7610
내리는,7611
실린,7612
곳까지,7613
“융합·협력,7614
살게,7615
같다”며,7616
아무,7617
42개가,7618
케임브리지대,7619
산소와,7620
개기월식은?,7621
프로그래밍할,7622
염기서열,7623
이르기까지,7624
기관총,7625
and,7626
“예를,7627
외,7628
여기저기,7629
형태의,7630
칭기즈칸,7631
50mg도,7632
맑은,7633
"노바티스,",7634
감소되면,7635
‘우주발사시스템(SLS)’,7636
음운을,7637
태양전지가,7638
한다”며,7639
못했다는,7640
몽골여왕은,7641
오전,7642
40여가지,7643
있을,7644
구조의,7645
공정성,7646
사진,7647
전쟁,7648
처치,7649
수준에서,7650
쓰인다,7651
생산한,7652
학문들은,7653
유출해선,7654
깔,7655
연료전지의,7656
겹의,7657
생식기관인,7658
1000억원을,7659
경쟁을,7660
스토리지를,7661
피터,7662
제작하는,7663
테이저를,7664
불리는,7665
컴퓨터의,7666
부분에는,7667
분자가,7668
있습니다.”,7669
막기,7670
이와,7671
가질,7672
내부의,7673
시작하면,7674
8월,7675
값을,7676
과학적,7677
AI는,7678
증가,7679
얻을,7680
메타원자를,7681
학습,7682
가스,7683
발휘한,7684
2016년,7685
"눈썹,",7686
표정,7687
적은,7688
“가장,7689
날짜로는,7690
소자,7691
구조를,7692
오토파일럿,7693
치료에,7694
표준형,7695
하나와,7696
도움,7697
총,7698
전달된,7699
호기심을,7700
멤버로,7701
KAIST는,7702
불투명하다고,7703
공모전에는,7704
치료하는,7705
△제작,7706
클럽이,7707
서유라시아,7708
수요를,7709
대해서도,7710
공간에는,7711
조건을,7712
마약,7713
증상을,7714
된다고,7715
"함께,",7716
왼쪽,7717
'아너,7718
수치다,7719
뛰어,7720
불안해하고,7721
발생할,7722
코타나는,7723
AI에,7724
오래”라며,7725
메커니즘을,7726
화석의,7727
이용하곤,7728
테슬라의,7729
발,7730
것입니다,7731
투입한다,7732
말이다,7733
호빗,7734
사용됐다,7735
오토파일럿이,7736
"26일,",7737
정교한,7738
"화이자,",7739
인재를,7740
총리,7741
표적항암제의,7742
체인을,7743
만든,7744
잡히지,7745
영향력을,7746
성관계,7747
내서,7748
열처리를,7749
내비쳤다,7750
CZ,7751
휴대하는,7752
김동성,7753
돌이,7754
2016에서,7755
추론이,7756
"""앞으로",7757
데이터뿐,7758
흔히,7759
획기적으로,7760
본,7761
업계가,7762
활발히,7763
유럽에서,7764
저하에,7765
우리나라로서는,7766
경찰은,7767
나올,7768
발전한,7769
한국전자통신연구원(ETRI)이,7770
우주선은,7771
방출해,7772
활용하거나,7773
스페이스X도,7774
"재료과학,",7775
펼치고,7776
신호뿐만,7777
중요성도,7778
소파를,7779
암세포를,7780
기운,7781
커졌다,7782
자료와,7783
생명과학부,7784
"요약,",7785
베스라고가,7786
20일자에,7787
교육개혁위원회를,7788
한국천문연구원은,7789
검증된,7790
없습니다,7791
운전을,7792
향상시켜야,7793
경매에서,7794
80%,7795
'슈퍼맨',7796
많고,7797
기계공학에서도,7798
희소식인데요,7799
카터,7800
드러났습니다,7801
진단할,7802
내측전전두엽에,7803
걸린다는,7804
샤오우엔,7805
결론을,7806
본드가,7807
슈팅스타가,7808
3국,7809
도파로에,7810
추론,7811
일어날,7812
조작하면,7813
결함,7814
22명의,7815
OH-58,7816
“연구를,7817
뭉크의,7818
이뤄지는,7819
올라가는,7820
공존하는,7821
구분한다,7822
손자들이,7823
정신노동까지,7824
주입되면,7825
월식은,7826
사람은,7827
교류하는,7828
변이로,7829
"얹고,",7830
홍수에,7831
발굴됐습니다,7832
회전수,7833
1967년,7834
산란이,7835
만드는데,7836
우리나라,7837
설명도,7838
스위스,7839
독립적인,7840
스마트폰,7841
빠르게,7842
능동적,7843
1991년,7844
육안으로는,7845
9’로켓과,7846
4.29%(86조원)로,7847
구글의,7848
사물,7849
소두증은,7850
"""진화를",7851
맞춘,7852
파장보다,7853
단백질,7854
일부에는,7855
대기한다,7856
일어나는,7857
전후의,7858
망보다,7859
하지,7860
특급,7861
사업인,7862
인지기능을,7863
초식,7864
여부에,7865
목소리로,7866
부딪쳐,7867
일어나도록,7868
제작사들과,7869
생존율을,7870
의해,7871
부여하는,7872
임박한,7873
"협력,",7874
능력을,7875
차로,7876
소신,7877
기계가,7878
어떻게,7879
삼성전자,7880
체이,7881
갖춰지지,7882
연료로,7883
경우,7884
오리온에는,7885
리(Peter,7886
동료인,7887
제어돼,7888
김기문,7889
보내겠다는,7890
발달을,7891
모양은,7892
인공지능(AI)이,7893
건,7894
성장하는,7895
이처럼,7896
지진파,7897
내년부터는,7898
장식했다,7899
새,7900
열렸다,7901
중심의,7902
궤도로,7903
시험을,7904
800만스웨덴크로나(약,7905
스마트폰을,7906
단일,7907
줄어들,7908
없었던,7909
승무원들의,7910
상의,7911
피의자가,7912
양극화와,7913
전송했다고,7914
"유지하고,",7915
물질에는,7916
지도를,7917
덩어리인,7918
일본인의,7919
혼합현실,7920
AI와,7921
반영한다,7922
